Master SKU,Brand,Product family,Flavor,Amazon SKU(s),Shopify SKU(s),TikTok SKU(s),Temu SKU(s)
Albanese-Asstd-Gummy-5lb,Other (IP),Albanese,Assorted,Albanese-Asstd-Gummy-5lb,,,
AlmondMilkCoffeee-5oz,,Milk Toffee,Almond,AlmondMilkCoffeee-5oz,,,
Ameerah-ArabicOud,Other (IP),Personal Care,Ameerah Arabic Oud Body Spray,,,,(blank) [so_bazic]
Ameerah-Bushra,Other (IP),Personal Care,Ameerah Bushra Body Spray,,,,(blank) [so_bazic]
Ameerah-Mukhallat,Other (IP),Personal Care,Ameerah Mukhallat Body Spray,,,,(blank) [so_bazic]
Ameerah-Taibah,Other (IP),Personal Care,Ameerah Taibah Body Spray,,,,(blank) [so_bazic]
Ariel-LiquidDetergentColorCare,Other (IP),Household,Ariel Liquid Detergent Color Care,,,,Ariel-Liq-Deter-800ML-1Pk [so_bazic]; Ariel-Liq-Deter-800ML-2Pk [so_bazic]
Ariel-PowderDetergent,Other (IP),Household,Ariel Powder Detergent,,,,Ariel-Detergent-500g-1Pk [so_bazic]; Ariel-Detergent-850g-1Pk [so_bazic]; Ariel-Detergent-850g-2Pk [so_bazic]
Ariel-RevitacolorDetergent,Other (IP),Household,Ariel Revitacolor Detergent,,,,Ariel-Liq-Deter-800ML-1Pk [so_bazic]; Ariel-Liq-Deter-800ML-2Pk [so_bazic]
ArmyGuys-8oz-1ct,TwistedTreatz,Gummy Army Guys,Original,ArmyGuys-8oz-1ct,,,
ArmyGuys-8oz-2ct,TwistedTreatz,Gummy Army Guys,Original,ArmyGuys-8oz-2ct,,ArmyGuys-8oz-2ct,(blank); ArmyGuys-8oz-2ct
AromatherapyLotion-LavenderChamomile,Other (IP),Personal Care,Aromatherapy Lotion Lavender Chamomile,,,,Aroma-BodyLotion-Lav-1PK [so_bazic]
Assorted Flavor,,Gummy Bears,Assorted,Assorted Flavor,,,
AssortedCaramelChews-1lb.,TwistedTreatz,Caramel Chews,Assorted,AssortedCaramelChews-1lb.,,AssortedCaramelChews-1lb,
AssortedCaramelChews-3lbJar,TwistedTreatz,Caramel Chews,Assorted,AssortedCaramelChews-3lbJar,,,
AssortedCaramelChews-8oz,TwistedTreatz,Caramel Chews,Assorted,AssortedCaramelChews-8oz,,AssortedCaramelChews-8oz,
AssortedGummyBears-5lb,Other (IP),Albanese,Assorted,AssortedGummyBears-5lb,,,
BIC-ClicSticPenBlack,Other (IP),Other Merch,Bic Clic Stic Pen Black,,,,BIC-ClicSticPen-BLK-12ct-1pk [so_bazic]; BIC-ClicSticPen-BLK-12ct-2pk [so_bazic]; BIC-ClicSticPen-BLK-12ct-3pk [so_bazic]; BIC-ClicSticPen-BLK-5ct-1pk [so_bazic]
BIC-EZReachLighter,Other (IP),Lighters,Bic EZ Reach,,,,Bic-EZReach-1pk [so_bazic]
BIC-SensitiveRazor,Other (IP),Personal Care,Bic Sensitive Razor,,,,BicRazor-Sen-5ct-1pk [so_bazic]; BicRazor-Sen-5ct-2pk [so_bazic]; BicRazor-Sen-5ct-3pk [so_bazic]
BK01-FBA,Other (IP),Other Merch,The Sealed Nectar,BK01-FBA,,,
BK812-1ct.,Other (IP),Other Merch,The Noble Quran,BK812-1ct.,,,
BananaChips-Original,TwistedTreatz,Banana Chips,Original,,,(blank),
Bic-BlackPocketLighter,Other (IP),Lighters,Bic Black Pocket,,,,Bic-All-Black-2pk [so_bazic]
Bic-MiniLighter,Other (IP),Lighters,Bic Mini,,,,Bic-Mini-3Pk [so_bazic]; Bic-Mini-4Pk [so_bazic]; Bic-Mini-6Pk [so_bazic]
Bic-MultiPurposeLighter,Other (IP),Lighters,Bic Multi-Purpose,,,,Bic-BBQLighter-1PK [so_bazic]; Bic-BBQLighter-3PK [so_bazic]
Bic-XtraPrecisionPencil,Other (IP),Other Merch,Bic Xtra Precision Pencil,,,,Bic-MechPencil-12ct-1pk [so_bazic]; Bic-MechPencil-12ct-2pk [so_bazic]; Bic-MechPencil-12ct-3pk [so_bazic]
BicRazor-Original,Other (IP),Personal Care,Bic Original Razor,,,,BicRazor-Orig-5ct-1pk [so_bazic]; BicRazor-Orig-5ct-2pk [so_bazic]
Blue-Gusher-4oz-1pk,Other (IP),Gushers,Sour Blue Raspberry,Blue-Gusher-4oz-1pk,,(blank); Blue-Gusher-4oz; Blue-Gusher-4oz-1pk; BlueGusher-4oz; BlueGusher-8oz-1PK; Chamoy-Gusher-4oz; Chamoy-Gusher-4oz-1pk; Cherry-Gushers-4oz; Cherry-Gushers-4oz-1pk,(blank); Blue-Gusher-4oz-1pk; Blue-Gusher-4oz-1pk [h_town]
Blue-Gusher-8oz-1pk,Other (IP),Gushers,Sour Blue Raspberry,Blue-Gusher-8oz-1pk,,Blue-Gusher-8oz-1pk,Blue-Gusher-8oz-1pk
Blue-Gusher-8oz-1pk-rev1,Other (IP),Gushers,Sour Blue Raspberry,Blue-Gusher-8oz-1pk-rev1,,,Blue-Gusher-8oz-1pk-rev1
Blue-Gusher-8oz-1pk.,Other (IP),Gushers,Sour Blue Raspberry,Blue-Gusher-8oz-1pk.,,,
Blue-Gusher-8oz-2pk,TwistedTreatz,Gushers,Sour Blue Raspberry,Blue-Gusher-8oz-2pk,(blank); Blue-Gusher-8oz; Blue-Gusher-8oz-2pk,(blank); Blue-Gusher-8oz-1PK; Blue-Gusher-8oz-1PK-EXTRA; Blue-Gusher-8oz-2PK; Blue-Gusher-8oz-2PK-EXTRA; Blue-Gusher-8oz-2pk; Blue-Gusher-8oz-EXTRA-1pk; Blue-Gusher-8oz-EXTRA-2PK; Chamoy-Gusher-8oz; Chamoy-Gusher-8oz-1pk; Chamoy-Gusher-8oz-2PK; Chamoy-Gusher-8oz-2PK-EXTRA; Chamoy-Gusher-8oz-EXTRA; Chamoy-Gusher-8oz-EXTRA-1pk; Chamoy-Gusher-8oz-EXTRA-2PK; Cherry-Gushers-8oz-1PK; Cherry-Gushers-8oz-1PK-EXTRA; Cherry-Gushers-8oz-2PK; Cherry-Gushers-8oz-2PK-EXTRA; Cherry-Gushers-8oz-EXTRA-1PK; Cherry-Gushers-8oz-EXTRA-2PK,(blank); Blue-Gusher-4oz-1pk-sb [so_bazic]; Blue-Gusher-8oz-1pk-rev2; BlueRasp-GummyTrio-8oz-3pk
Blue-Gusher-8oz-EXTRA-1pk-rev1,Other (IP),Gushers,Sour Blue Raspberry,Blue-Gusher-8oz-EXTRA-1pk-rev1,,,
Blue-Gusher-8oz-EXTRA-1pk.,Other (IP),Gushers,Sour Blue Raspberry,Blue-Gusher-8oz-EXTRA-1pk.,,,
Blue-Gusher-8oz-EXTRA-2pk,Other (IP),Gushers,Sour Blue Raspberry,Blue-Gusher-8oz-EXTRA-2pk,,,
BodyPartsGummy,TwistedTreatz,Gummy Body Parts,Original,,,(blank); BodyParts-Gummy-8oz-2pk,
BodyWash-LavenderChamomile,Other (IP),Personal Care,Aromatherapy Body Wash Lavender Chamomile,,,,Aroma-BodyWash-Lav-2PK [so_bazic]
BodyWash-MintEucalyptus,Other (IP),Personal Care,Aromatherapy Body Wash Mint Eucalyptus,,,,Aroma-BodyWash-Mint-2PK [so_bazic]; Aroma-Mint-BodyWash-1PK [so_bazic]
Brawn-ToiletBowlCleaner,Other (IP),Household,Brawn Toilet Bowl Cleaner,,,,Brawn Toilet-Bowl-Cleaner-1 Pack [so_bazic]
BrownieBrittle-1lb...,TwistedTreatz,Brownie Brittle,Original,BrownieBrittle-1lb...,(blank),(blank); BrownieBrittle-16oz-1pk; BrownieBrittle-1lb; BrownieBrittle-1lb...; BrownieBrittle-4oz; BrownieBrittle-8oz; BrownieBrittle-8oz-1pk,(blank); BrownieBrittle-16oz-1pk-rev1; BrownieBrittle-4oz-1pk-rev1
BrownieBrittle-Chocolate,TwistedTreatz,Brownie Brittle,Chocolate,,(blank),,(blank); BrownieBrittle-4oz-1pk; BrownieBrittle-8oz-1pk
BrownieBrittle-MM,TwistedTreatz,Brownie Brittle,M&M,,,(blank); M&MBrittle-16oz-1pk; M&MBrittle-1lb; M&MBrittle-1lb..; M&MBrittle-4oz; M&MBrittle-4oz..; M&MBrittle-8oz; M&MBrittle-8oz-1pk; M&MBrittle-8oz..,
Bubs-BananaToffee,Other (IP),BUBS,Banana Toffee,,,,(blank)
Bubs-SourLemonRaspberry,Other (IP),BUBS,Sour Lemon Raspberry,,,,(blank)
Bubs-SourStrawberryVanilla,Other (IP),BUBS,Sour Strawberry Vanilla,,,,(blank)
Bubs-SourTuttiFrutti,Other (IP),BUBS,Sour Tutti Frutti,,,,(blank)
BubsFoam-Assorted,Other (IP),BUBS,Assorted,,(blank),,(blank)
BubsFoam-BananaToffee,Other (IP),BUBS,Banana Toffee,,,(blank); Bubs-SweetBanToffee-5.5oz,
BubsFoam-LemonRaspberry,Other (IP),BUBS,Lemon Raspberry,,,(blank); Bubs-SourLemonRasp-5.5oz,
BubsFoam-StrawberryVanilla,Other (IP),BUBS,Strawberry Vanilla,,,(blank); Bubs-SourStrawVan-5.5oz,
BubsFoam-TuttiFrutti,Other (IP),BUBS,Tutti Frutti,,,(blank); Bubs-SourTutti-5.5oz,
Bundle-BlueGummyTrio,TwistedTreatz,Bundles,Blue Raspberry,,(blank),(blank); BlueRasp-GummyTrio-8oz-3pk,BlueRasp-GummyTrio-8oz-3pk
Bundle-CaramelChewsVariety,TwistedTreatz,Caramel Chews,Assorted,,(blank),(blank); CaramelChews-Variety-8oz-4pk,(blank); CaramelChews-Variety-8oz-4pk
Bundle-GushersTrio,TwistedTreatz,Gushers,Assorted,,,,(blank); Gushers-Trio-4oz-3pk
Bundle-RootBeerButterscotchRetro,TwistedTreatz,Bundles,Root Beer & Butterscotch,,,,(blank)
ButterToffee-Almonds,TwistedTreatz,Butter Toffee Nuts,Almond,,,(blank),(blank)
ButterToffee-Cashews,TwistedTreatz,Butter Toffee Nuts,Cashew,,,ButterToff-Cashew-8oz-1pk,(blank)
ButterToffee-Pecans,TwistedTreatz,Butter Toffee Nuts,Pecan,,,,(blank)
ButterscotchButtons,TwistedTreatz,Butterscotch Buttons,Original,,,(blank),(blank)
CandyBarrels-RootBeer,TwistedTreatz,Candy Barrels,Root Beer,,,,(blank)
CandyCorn-Blackberry-1lb,,Candy Corn,Blackberry Cobbler,CandyCorn-Blackberry-1lb,,,
CandyCorn-Blackberry-7oz,,Candy Corn,Blackberry Cobbler,CandyCorn-Blackberry-7oz; CandyCorn-Blackberry-7oz.,,,
CandyCorn-BlackberryCobbler,TwistedTreatz,Candy Corn,Blackberry Cobbler,,,(blank),(blank); CandyCorn-Blackberry-8oz-1pk; CandyCorn-Blackberry-8oz-2pk
CandyCorn-Caramel,TwistedTreatz,Candy Corn,Caramel,,,,(blank); CandyCorn-Caramel-8oz-2pk
CandyCorn-Caramel-1lb,,Candy Corn,Caramel,CandyCorn-Caramel-1lb,,,
CandyCorn-CaramelApple,TwistedTreatz,Candy Corn,Caramel Apple,,,(blank),(blank); CandyCorn-CaramelApple-8oz-1pk; CandyCorn-CaramelApple-8oz-2pk
CandyCorn-CaramelApple-7oz.,,Candy Corn,Caramel Apple,CandyCorn-CaramelApple-7oz.,,,
CandyCorn-Christmas,TwistedTreatz,Candy Corn,Christmas,,,(blank),
CandyCorn-Christmas-7oz.,,Candy Corn,Christmas,CandyCorn-Christmas-7oz.,,,
CandyCorn-Easter,TwistedTreatz,Candy Corn,Easter,,,CandyCorn-Easter-8oz,
CandyCorn-Easter-1lb,,Candy Corn,Easter,CandyCorn-Easter-1lb,,,
CandyCorn-Original,TwistedTreatz,Candy Corn,Original,,(blank),(blank); CandyCorn-Original-4oz; CandyCorn-Original-8oz,(blank); CandyCorn-Original-8oz-2pk
CandyCorn-Original-7oz.,,Candy Corn,Original,CandyCorn-Original-7oz.,,,
CandyCorn-Smores,TwistedTreatz,Candy Corn,S'mores,,,CandyCorn-Smores-8oz-2Pk,(blank); CandyCorn-Smores-8oz-1pk
CandyCorn-Smores-1lb,,Candy Corn,S'mores,CandyCorn-Smores-1lb,,,
CandyCorn-Smores-7oz.,,Candy Corn,S'mores,CandyCorn-Smores-7oz.,,,
CandyCorn-Valentine,TwistedTreatz,Candy Corn,Valentine,,,CandyCorn-Valentine-8oz,
CandyCorn-Valentine-7oz.,,Candy Corn,Valentine,CandyCorn-Valentine-7oz.,,,
CandyWax-Bottles-1lb,TwistedTreatz,Wax Bottles,Assorted,CandyWax-Bottles-1lb,,(blank); CandyWax-Bottles-8oz-2PK; WaxBottle-8oz-2PK,
CandyWax-Bottles-1lb.,TwistedTreatz,Wax Bottles,Assorted,CandyWax-Bottles-1lb.,,,
CandyWax-Bottles-8oz,TwistedTreatz,Wax Bottles,Assorted,CandyWax-Bottles-8oz,,(blank); CandyWax-Bottles-8oz-1PK; WaxBottle-8oz-1PK; WaxBottle-8oz-2PK; WaxBottle-8oz-4PK,
CaramelAppleChews-1lb.,TwistedTreatz,Caramel Chews,Apple,CaramelAppleChews-1lb.,(blank),CaramelAppleChews-1lb,(blank); CaramelChews-DUO-8oz-2pk
CaramelAppleChews-3lbJar,TwistedTreatz,Caramel Chews,Apple,CaramelAppleChews-3lbJar,,,
CaramelAppleChews-8oz,TwistedTreatz,Caramel Chews,Apple,CaramelAppleChews-8oz,,CaramelAppleChews-8oz,
CaramelAppleChews-8oz-rev1,,Caramel Chews,Apple,CaramelAppleChews-8oz-rev1,,,
CaramelChews-1lb,,Caramel Chews,Original,CaramelChews-1lb,,CaramelChews-1lb,
CaramelChews-1lb.,TwistedTreatz,Caramel Chews,Original,CaramelChews-1lb.,,,
CaramelChews-3lbJar,TwistedTreatz,Caramel Chews,Original,CaramelChews-3lbJar,,,
CaramelChews-8oz,TwistedTreatz,Caramel Chews,Original,CaramelChews-8oz,,CaramelChews-8oz,
CaramelChews-Apple,TwistedTreatz,Caramel Chews,Apple,,(blank),(blank); CaramelAppleChews-1lb-2Pk,
CaramelChews-Assorted,TwistedTreatz,Caramel Chews,Assorted,,,(blank); AssortedCaramelChews-1lb-2Pk,(blank); CaramelChews-Variety-8oz-4pk
CaramelChews-Chocolate,TwistedTreatz,Caramel Chews,Chocolate,,,,PatroticChocolate-8oz-1pk [so_bazic]
CaramelChews-Coconut,TwistedTreatz,Caramel Chews,Coconut,,,(blank),(blank); CaramelCoconut-8oz-2Pk [candy_pantry]; CaramelCoconutChews-8oz-1pk [so_bazic]; CaramelCoconutChews-8oz-1pk-rev1 [h_town]; CaramelCoconutChews-8oz-1pk-rev1 [so_bazic]; CaramelCoconutChews-8oz-1pk-rev2 [so_bazic]; CaramelCoconutChews-8oz-2pk-rev2 [so_bazic]; CoconutCaramelChews-8oz-1pk
CaramelChews-Original,TwistedTreatz,Caramel Chews,Original,,,,Caramel-Orginal-8oz-2pk-rev [so_bazic]; CaramelOriginal-8oz-2Pk [candy_pantry]
CaramelChews-SeaSalt,TwistedTreatz,Caramel Chews,Sea Salt,,,(blank); SeaSaltCaramelChews-1lb-2Pk; SeaSaltCaramelChews-8oz,SeaSalt-Caramel-8oz-1pk [h_town]; SeaSalt-Caramel-8oz-1pk [so_bazic]; SeaSalt-Caramel-8oz-2pk [so_bazic]
ChamoyGummies-SpicyMango,TwistedTreatz,Chamoy Gummies,Spicy Mango,,,SpicyMango-8oz-1PK; SpicyMango-8oz-2PK,
ChamoyMango,TwistedTreatz,Dried Mango,Chamoy,,,(blank),
Champs-SneakerProtector,Other (IP),Other Merch,Champs Sneaker Protector,,,,Champs-Sneaker-Protector-7-oz-1-Pack [so_bazic]; Champs-Sneaker-Protector-7-oz-2-Pack [so_bazic]
CheeriosBark-Milk,TwistedTreatz,Chocolate Bark,Cheerios,,,(blank),
Cherry-Gusher-4oz-1pk,TwistedTreatz,Gushers,Sour Wild Cherry,Cherry-Gusher-4oz-1pk,(blank),(blank); Cherry-Gushers-4oz-1PK; Cherry-Gushers-8oz-1PK; CherryPowder-Gushers-1lb-1PK,(blank); Cherry-Gushers-4oz-1PK
Cherry-Gushers-8oz-EXTRA-1pk,Other (IP),Gushers,Sour Wild Cherry,Cherry-Gushers-8oz-EXTRA-1pk,,,
ChocPeanutButterMix-Jam,TwistedTreatz,Chocolate Peanut Butter Mix,Jam,,(blank),,
ChocPeanutButterMix-Original,TwistedTreatz,Chocolate Peanut Butter Mix,Original,,(blank),,(blank)
Cinnamon-Hearts8oz-JuJu,TwistedTreatz,Ju Ju Hearts,Cinnamon,Cinnamon-Hearts8oz-JuJu,(blank),(blank); Cinnamon-Hearts8oz-JuJu; JuJu-HeartCandy-8oz-2PK,(blank); Cinn-JuJuHearts-8oz-1PK [h_town]; Cinn-JuJuHearts-8oz-1pk; Cinn-JujuHearts-8oz-1PK
CitricAcid,TwistedTreatz,Citric Acid,Original,,,,CitricAcid-7oz
ClaeyDrops-Lemon,Other (IP),Claey's,Lemon,,,(blank); ClaeyDrops-Lemon-8oz-1Pk; ClaeyDrops-Lemon-8oz-2Pk,
ClaeyDrops-Licorice,Other (IP),Claey's,Licorice,,,ClaeyDrops-Licorice-8oz-1Pk,
ClaeyDrops-RootBeer,Other (IP),Claey's,Root Beer,,,(blank); ClaeyDrops-RootBeer-8oz-1Pk,
Claeys-RootBeer,Other (IP),Claey's,Root Beer,,,,(blank)
Coffee-MilkToffee-16oz,,Milk Toffee,Coffee,Coffee-MilkToffee-16oz,,,
Coffee-MilkToffee-9oz,,Milk Toffee,Coffee,Coffee-MilkToffee-9oz,,,
CoffeeMilkToffee-5oz,,Milk Toffee,Coffee,CoffeeMilkToffee-5oz,,,
Colg-Char-Toothrbrsh-1pk,Other (IP),Personal Care,Colgate 360 Charcoal Toothbrush,Colg-Char-Toothrbrsh-1pk,(blank),,(blank); Colg-Char-Toothrbrsh-1pk [so_bazic]; Colg-Char-Toothrbrsh-3pk; Colg-Char-Toothrbrsh-3pk [so_bazic]
Colgate-PremierClean,Other (IP),Personal Care,Colgate Premier Clean Toothbrush,,,,Colg-Toothbrush-3ct-1pk [so_bazic]; Colg-Toothbrush-3ct-2pk [so_bazic]; Colg-Toothbrush-3ct-3pk [so_bazic]
Cookie&Cream-WhiteBark-16oz,TwistedTreatz,Chocolate Bark,Cookies & Cream,Cookie&Cream-WhiteBark-16oz,(blank),(blank); Cookie&Cream-WhiteBark-16oz; CookieBark-16oz,(blank); Cookie&Cream-WhiteBark-1lb-1PK
Cookie&Cream-WhiteBark-2lb,TwistedTreatz,Chocolate Bark,Cookies & Cream,Cookie&Cream-WhiteBark-2lb,,(blank); Cookie&Cream-WhiteBark-2lb; SeaSalt-Almond-2lb,(blank)
Cookie&Cream-WhiteBark-8oz,TwistedTreatz,Chocolate Bark,Cookies & Cream,Cookie&Cream-WhiteBark-8oz,,,Cookie&Cream-WhiteBark-8oz
CottonCand-Gushers-8oz-1pk,Other (IP),Gushers,Cotton Candy,CottonCand-Gushers-8oz-1pk,,CottonCand-Gushers-8oz-1pk,
CottonCand-Gushers-8oz-EXTRA-1pk,Other (IP),Gushers,Cotton Candy,CottonCand-Gushers-8oz-EXTRA-1pk,,,
CottonCandy-ChocolateCoffee,TwistedTreatz,Cotton Candy,Chocolate Coffee,,(blank),,
CottonCandy-Orange,TwistedTreatz,Cotton Candy,Orange,,(blank),,
CottonCandy-Watermelon,TwistedTreatz,Cotton Candy,Watermelon,,(blank),,
DD-Matchbooks-1pk,Other (IP),Matches,D.D. Bean Matchbook,DD-Matchbooks-1pk,,,
DH72pk-01ct.,Other (IP),Personal Care,Dermi Heal Acne Patch,DH72pk-01ct.,(blank),(blank); DH36pk-01ct,(blank); DH108pk-01ct [so_bazic]; DH36pk-01ct [so_bazic]; DH72pk-01ct [so_bazic]
DatesAlmondBark-DarkChocolate,TwistedTreatz,Chocolate Bark,Dates & Almond,,,(blank),
DawnSimplyClean-Original,Other (IP),Household,Dawn Simply Clean Dish Soap,,,,DawnLiq-Blue-14.6oz-3pk [so_bazic]
DermiHeal-PimplePatch,Other (IP),Personal Care,Dermi Heal Pimple Patch,,,(blank); DermiHeal-PimplePatch-324PK,
Diamond-300ct-2pk,,Matches,Diamond Greenlight,Diamond-300ct-2pk,,,
Diamond-Matchbk-1pk,Other (IP),Matches,Diamond Greenlight Matchbook,Diamond-Matchbk-1pk,,,
DippingPowder-SourBlueRaspberry,TwistedTreatz,Dipping Powder,Sour Blue Raspberry,,(blank),,(blank); SourBlue-DippingPowder-6oz-1PK; SourBlue-DippingPower-6.5oz-1PK; SourBlue-DippingPower-6oz-1PK
DippingPowder-SourCherry,TwistedTreatz,Dipping Powder,Sour Cherry,,,,(blank); SourCherry-DippingPowder-6oz-1PK
DippingPowder-SourPinkCherry,TwistedTreatz,Dipping Powder,Sour Pink Cherry,,,,SourPinkCherry-DippingPowder-6oz-1PK
DippingPowder-SourWatermelon,TwistedTreatz,Dipping Powder,Sour Watermelon,,,,(blank)
DippingPowder-SweetBlueRaspberry,TwistedTreatz,Dipping Powder,Sweet Blue Raspberry,,,,(blank); SweetBlue-DippingPowder-6oz-1PK; SweetBlue-DippingPower-6oz-1PK
DippingPowder-SweetCherry,TwistedTreatz,Dipping Powder,Sweet Cherry,,,,(blank); SweetCherry-DippingPowder-6oz-1PK
DippingPowder-SweetCottonCandy,TwistedTreatz,Dipping Powder,Sweet Cotton Candy,,,,(blank)
DippingPowder-SweetPinkCherry,TwistedTreatz,Dipping Powder,Sweet Pink Cherry,,,,(blank); SweetPinkCherry-DippingPowder-6oz-1PK
DippingPowder-SweetWatermelon,TwistedTreatz,Dipping Powder,Sweet Watermelon,,,,(blank)
DisposableLighter-Neon,Other (IP),Lighters,Classic Disposable Neon,,,,NeonLighter-3pk [so_bazic]
DisposableLighter-XL,Other (IP),Lighters,Extra Large Disposable,,,,HugeLighter-2pk [so_bazic]; HugeLighter-3pk [so_bazic]
DubaiChoc-Dark,TwistedTreatz,Dubai Chocolate,Dark Chocolate,,(blank),,(blank)
DubaiChoc-PB-16oz,,Dubai Chocolate,Milk Chocolate Peanut Butter,DubaiChoc-PB-16oz,,,
DubaiChoc-PB-8oz,TwistedTreatz,Dubai Chocolate,Milk Chocolate Peanut Butter,DubaiChoc-PB-8oz,(blank),,
DubaiChocBar-Dark,TwistedTreatz,Dubai Chocolate,Dark Chocolate,,,(blank); DarkChoc-16oz..; DarkChoc-8oz..,
DubaiChocBar-MilkPeanutButter,TwistedTreatz,Dubai Chocolate,Milk Chocolate Peanut Butter,,,(blank),
DubaiChocPeanutButter-8oz,,Dubai Chocolate,Peanut Butter,DubaiChocPeanutButter-8oz,,,
DubaiDarkChocPeanutButter-8oz,TwistedTreatz,Dubai Chocolate,Dark Chocolate Peanut Butter,DubaiDarkChocPeanutButter-8oz,,(blank),
DubaiMalikChocPeanutButter-1lb,TwistedTreatz,Dubai Chocolate,Milk Chocolate Peanut Butter,DubaiMalikChocPeanutButter-1lb,(blank),(blank),(blank); DubaiChoc-PB-16oz-1pk-rev1
DubaiMalikChocPeanutButter-8oz,,Dubai Chocolate,Milk Chocolate Peanut Butter,DubaiMalikChocPeanutButter-8oz,,,
DubaiMilkChocPeanutButter-8oz,,Dubai Chocolate,Milk Chocolate Peanut Butter,DubaiMilkChocPeanutButter-8oz,,,
DubaiMilkChocPeanutButter-8oz-FBA,,Dubai Chocolate,Milk Chocolate Peanut Butter,DubaiMilkChocPeanutButter-8oz-FBA,,,
E2-YWT1-KHMA,,Other Merch,EcoFlare Glass Ashtray,E2-YWT1-KHMA,,,
EF-BBQMatch-1pk,Other (IP),Matches,EcoFlare BBQ,EF-BBQMatch-1pk,,,EF-BBQMatch-1pk [so_bazic]
EF-BBQMatch-3pk,Other (IP),Matches,EcoFlare BBQ,EF-BBQMatch-3pk,,,EF-BBQMatch-2pk [so_bazic]; EF-BBQMatch-3pk [so_bazic]
EF-BBQMatch-4pk,Other (IP),Matches,EcoFlare BBQ,EF-BBQMatch-4pk,,,
EF-BBQMatch-4pk-rev1,Other (IP),Matches,EcoFlare BBQ,EF-BBQMatch-4pk-rev1,,,
EF-BBQMatch-4pk.,Other (IP),Matches,EcoFlare BBQ,EF-BBQMatch-4pk.,,,
EF-Match32ct-100pk,Other (IP),Matches,EcoFlare Kitchen,EF-Match32ct-100pk,,,
EF-Match32ct-10pk,Other (IP),Matches,EcoFlare Kitchen,EF-Match32ct-10pk,,,
EF-Match32ct-10pk-rev1,Other (IP),Matches,EcoFlare Kitchen,EF-Match32ct-10pk-rev1,,,
EF-Match32ct-10pk-rev2,Other (IP),Matches,EcoFlare Kitchen,EF-Match32ct-10pk-rev2,,,
EF-Match32ct-10pk.,Other (IP),Matches,EcoFlare Kitchen,EF-Match32ct-10pk.,,,
EF-Match32ct-1pk-rev1,Other (IP),Matches,EcoFlare Kitchen,EF-Match32ct-1pk-rev1,,,
EF-Match32ct-1pk-rev2,Other (IP),Matches,EcoFlare Kitchen,EF-Match32ct-1pk-rev2,,,
EF-Match32ct-1pk-rev3,Other (IP),Matches,EcoFlare Kitchen,EF-Match32ct-1pk-rev3,,,
EF-Match32ct-1pk-rev4,Other (IP),Matches,EcoFlare Kitchen,EF-Match32ct-1pk-rev4,,,
EF-Match32ct-1pk.,Other (IP),Matches,EcoFlare Kitchen,EF-Match32ct-1pk.,,,
EF-Match32ct-1pk..,Other (IP),Matches,EcoFlare Kitchen,EF-Match32ct-1pk..,,,
EF-Match32ct-1pk...,Other (IP),Matches,EcoFlare Kitchen,EF-Match32ct-1pk...,,,
EF-Match32ct-1pk….,Other (IP),Matches,EcoFlare Kitchen,EF-Match32ct-1pk….,,,
EF-Match32ct-20pk-rev2,Other (IP),Matches,EcoFlare Kitchen,EF-Match32ct-20pk-rev2,,,
EF-Match32ct-20pk.,Other (IP),Matches,EcoFlare Kitchen,EF-Match32ct-20pk.,,,
EF-Match32ct-20pk..,Other (IP),Matches,EcoFlare Kitchen,EF-Match32ct-20pk..,,,
EF-Match32ct-24pk,Other (IP),Matches,EcoFlare Kitchen,EF-Match32ct-24pk,,,
EF-Match32ct-3pk,Other (IP),Matches,EcoFlare Kitchen,EF-Match32ct-3pk,,,EF-Match32ct-2pk [so_bazic]; EF-Match32ct-3pk [so_bazic]
EF-Match32ct-3pk-rev1,Other (IP),Matches,EcoFlare Kitchen,EF-Match32ct-3pk-rev1,,,
EF-Match32ct-3pk.,Other (IP),Matches,EcoFlare Kitchen,EF-Match32ct-3pk.,,,EF-Match32ct-3pk. [so_bazic]
ExoticGummyMix-1lb,TwistedTreatz,Exotic Gummy Mix,Assorted,ExoticGummyMix-1lb,,,
ExoticGummyMix-1lb.,TwistedTreatz,Exotic Gummy Mix,Assorted,ExoticGummyMix-1lb.,,,
ExoticGummyMix-2lbs,TwistedTreatz,Exotic Gummy Mix,Assorted,ExoticGummyMix-2lbs,,,
ExoticGummyMix-2lbs.,TwistedTreatz,Exotic Gummy Mix,Assorted,ExoticGummyMix-2lbs.,,,
ExoticGummyMix-3.25lbs.,TwistedTreatz,Exotic Gummy Mix,Assorted,ExoticGummyMix-3.25lbs.,,,
ExoticGummyMix-7lbs.,TwistedTreatz,Exotic Gummy Mix,Assorted,ExoticGummyMix-7lbs.,,,
ExoticGummyMix-8oz,TwistedTreatz,Exotic Gummy Mix,Assorted,ExoticGummyMix-8oz,,(blank); ExoticGummy-1lb; ExoticGummy-2lb; ExoticGummy-3.25lb-Jar; ExoticGummy-7lb-Jar; ExoticGummy-8oz; ExoticGummy-8oz-1PK,
ExoticGummyMix-8oz.,TwistedTreatz,Exotic Gummy Mix,Assorted,ExoticGummyMix-8oz.,(blank),,(blank); ExoticGummyMix-3.25lbs-Jar-1pk
Fabuloso-FrescaPrimavera,Other (IP),Household,Fabuloso Fresca Primavera,,,,(blank) [so_bazic]
Fabuloso-FrescoAmanecer,Other (IP),Household,Fabuloso Fresco Amanecer,,,,(blank) [so_bazic]
Fabuloso-Lavender,Other (IP),Household,Fabuloso Lavender,,,,(blank) [so_bazic]
Fabuloso-OceanCool,Other (IP),Household,Fabuloso Ocean Cool,,,,(blank) [so_bazic]
Fabuloso-Passionfruit,Other (IP),Household,Fabuloso Passionfruit,,,,(blank) [so_bazic]
FerreroRocherBar-DarkHazelnut,Other (IP),Ferrero Rocher,Dark Hazelnut,,,,(blank)
FerreroRocherBar-WhiteHazelnut,Other (IP),Ferrero Rocher,White Hazelnut,,,,(blank)
FilledWhaleGummy,TwistedTreatz,Filled Whale Gummies,Assorted,,,(blank),Filled-Whale-Gummy-8oz-1pk; Filled-Whale-Gummy-8oz-2pk
FireCrackerMix,TwistedTreatz,Snack Mix,Fire Cracker,,,,FireCracker-Mix-8oz-1pk
FreedomGummy-Bears,TwistedTreatz,Freedom Gummies,Assorted,,,(blank),
FruitChews-Assorted,TwistedTreatz,Fruit Chews,Assorted,,,(blank),(blank)
FruitJelly-Assorted-1lb,TwistedTreatz,Fruit Slices,Assorted,FruitJelly-Assorted-1lb,FruitJelly-Assorted-1lb,FruitJelly-Assorted-1lb,
FruitJelly-Assorted-2.75lbJar,TwistedTreatz,Fruit Slices,Assorted,FruitJelly-Assorted-2.75lbJar,,FruitJelly-Assorted-2.75lbJar,
FruitJelly-Assorted-2.75lbJar.,TwistedTreatz,Fruit Slices,Assorted,FruitJelly-Assorted-2.75lbJar.,,,
FruitJelly-Assorted-2lb,TwistedTreatz,Fruit Slices,Assorted,FruitJelly-Assorted-2lb,,FruitJelly-Assorted-2lb,FruitJelly-Assorted-2lb
FruitJelly-Assorted-6lbJar.,TwistedTreatz,Fruit Slices,Assorted,FruitJelly-Assorted-6lbJar.,,FruitJelly-Assorted-6lbJar,
FruitJelly-Assorted-8oz,TwistedTreatz,Fruit Slices,Assorted,FruitJelly-Assorted-8oz,(blank),(blank); FruitJelly-Assorted-8oz,(blank); FruitJelly-Assorted-8oz [candy_pantry]; FruitJelly-Assorted-8oz [sweetshoppe]; FruitJelly-Assorted-8oz-1PK; FruitJelly-Assorted-8oz-2PK; FruitJelly-Assorted-8oz-rev1 [sweetshoppe]
FruitJelly-Cherry,TwistedTreatz,Fruit Slices,Cherry,,FruitJelly-Cherry-32oz,(blank); FruitJelly-Cherry-2.75lbsJar,FruitJelly-Cherry-8oz-1pk [so_bazic]; FruitJelly-Cherry-8oz-1pk-rev-3 [h_town]; FruitJelly-Cherry-8oz-1pk-rev2 [h_town]; FruitJelly-Cherry-8oz-2pk [so_bazic]
FruitJelly-Cherry-1lb,TwistedTreatz,Fruit Slices,Cherry,FruitJelly-Cherry-1lb,,FruitJelly-Cherry-1lb,FruitJelly-Cherry-1lb
FruitJelly-Cherry-1lb.,TwistedTreatz,Fruit Slices,Cherry,FruitJelly-Cherry-1lb.,,,
FruitJelly-Cherry-2lbs.,TwistedTreatz,Fruit Slices,Cherry,FruitJelly-Cherry-2lbs.,,FruitJelly-Cherry-2lbs,
FruitJelly-Cherry-4oz.,TwistedTreatz,Fruit Slices,Cherry,FruitJelly-Cherry-4oz.,,,
FruitJelly-Cherry-6lbsJar.,,Fruit Slices,Cherry,FruitJelly-Cherry-6lbsJar.,,FruitJelly-Cherry-6lbsJar,
FruitJelly-Cherry-8oz,TwistedTreatz,Fruit Slices,Cherry,FruitJelly-Cherry-8oz,(blank),(blank); FruitJelly-Cherry-2.75lbsJar; FruitJelly-Cherry-8oz,(blank); FruitJelly-Cherry-8oz; FruitJelly-Cherry-8oz [candy_pantry]; FruitJelly-Cherry-8oz [so_bazic]; FruitJelly-Cherry-8oz [sweetshoppe]; FruitJelly-Cherry-8oz-rev1 [sweetshoppe]
FruitJelly-Cherry-8oz.,TwistedTreatz,Fruit Slices,Cherry,FruitJelly-Cherry-8oz.,,,
FruitJelly-Orange-1lb.,TwistedTreatz,Fruit Slices,Orange,FruitJelly-Orange-1lb.,,FruitJelly-Orange-1lb,
FruitJelly-Orange-2.75lbsJar.,TwistedTreatz,Fruit Slices,Orange,FruitJelly-Orange-2.75lbsJar.,,FruitJelly-Orange-2.75lbsJar,
FruitJelly-Orange-2lb.,TwistedTreatz,Fruit Slices,Orange,FruitJelly-Orange-2lb.,,FruitJelly-Orange-2lb,
FruitJelly-Orange-4oz.,,Fruit Slices,Orange,FruitJelly-Orange-4oz.,,,
FruitJelly-Orange-6lbsJar.,TwistedTreatz,Fruit Slices,Orange,FruitJelly-Orange-6lbsJar.,,FruitJelly-Orange-6lbsJar,
FruitJelly-Orange-8oz,TwistedTreatz,Fruit Slices,Orange,FruitJelly-Orange-8oz,FruitJelly-Orange-32oz,(blank); FruitJelly-Orange-8oz,(blank); FruitJelly-Orange-8oz [candy_pantry]; FruitJelly-Orange-8oz [sweetshoppe]; FruitJelly-Orange-8oz-1PK; FruitJelly-Orange-8oz-1Pk [h_town]; FruitJelly-Orange-8oz-1pk [so_bazic]; FruitJelly-Orange-8oz-1pk-rev-3 [h_town]; FruitJelly-Orange-8oz-1pk-rev2 [h_town]; FruitJelly-Orange-8oz-2PK; FruitJelly-Orange-8oz-2pk [so_bazic]; FruitJelly-Orange-8oz-rev1 [sweetshoppe]
FruitJelly-Orange-8oz.,TwistedTreatz,Fruit Slices,Orange,FruitJelly-Orange-8oz.,,,
FruitJelly-Spearmint,TwistedTreatz,Fruit Slices,Spearmint,,,,FruitJelly-Spearmint-8oz-1pk [so_bazic]; FruitJelly-Spearmint-8oz-1pk-rev-3 [h_town]; FruitJelly-Spearmint-8oz-1pk-rev2 [h_town]; FruitJelly-Spearmint-8oz-2pk [so_bazic]
FruitJelly-Spearmint-1lb,TwistedTreatz,Fruit Slices,Spearmint,FruitJelly-Spearmint-1lb,,FruitJelly-Spearmint-1lb,
FruitJelly-Spearmint-2.75lbsJar.,TwistedTreatz,Fruit Slices,Spearmint,FruitJelly-Spearmint-2.75lbsJar.,,FruitJelly-Spearmint-2.75lbsJar,
FruitJelly-Spearmint-2lb.,TwistedTreatz,Fruit Slices,Spearmint,FruitJelly-Spearmint-2lb.,,FruitJelly-Spearmint-2lb,
FruitJelly-Spearmint-8oz,TwistedTreatz,Fruit Slices,Spearmint,FruitJelly-Spearmint-8oz,,(blank); FruitJelly-Spearmint-8oz,(blank); FruitJelly-Spearmint-8oz [candy_pantry]; FruitJelly-Spearmint-8oz [sweetshoppe]; FruitJelly-Spearmint-8oz-1PK; FruitJelly-Spearmint-8oz-2PK; FruitJelly-Spearmint-8oz-rev1 [sweetshoppe]
FruitSlice-Apple,TwistedTreatz,Fruit Slices,Apple,,,(blank); FruitSlice-Apple-2lb; FruitSlice-Apple-4oz,(blank); FruitSlice-Apple-8oz-1pk
FruitSlice-Apple-1lb,TwistedTreatz,Fruit Slices,Apple,FruitSlice-Apple-1lb,,FruitSlice-Apple-1lb,
FruitSlice-Apple-8oz,TwistedTreatz,Fruit Slices,Apple,FruitSlice-Apple-8oz,,FruitSlice-Apple-8oz,FruitSlice-Apple-8oz
FruitSlice-Apple-8oz.,TwistedTreatz,Fruit Slices,Apple,FruitSlice-Apple-8oz.,(blank); FruitJelly-Assorted-32oz; FruitJelly-Assorted-44ozJar; FruitJelly-Assorted-96ozJar,(blank); FruitJelly-Cherry-2lbs; FruitJelly-Orange-1lb; FruitJelly-Orange-2lb; FruitJelly-Spearmint-2lb; SpiceDrops-8oz-1pk; SpiceDrops-8oz-2pk,(blank); FruitJelly-Assorted-2.75lbJar-1pk; FruitJelly-Assorted-8oz-1pk; FruitJelly-Assorted-8oz-1pk [h_town]; FruitJelly-Assorted-8oz-1pk [so_bazic]; FruitJelly-Assorted-8oz-1pk-rev-3 [h_town]; FruitJelly-Assorted-8oz-1pk-rev1 [so_bazic]; FruitJelly-Assorted-8oz-1pk-rev2; FruitJelly-Assorted-8oz-1pk-rev2 [h_town]; FruitJelly-Assorted-8oz-1pk-rev3; FruitJelly-Assorted-8oz-2PK-rev1; FruitJelly-Assorted-8oz-2pk; FruitJelly-Assorted-8oz-2pk [so_bazic]; FruitJelly-Assorted-8oz-2pk-rev1 [so_bazic]; FruitJelly-Assorted-8oz-2pk-rev3; FruitJelly-Cherry-1lb-rev1; FruitJelly-Cherry-8oz-1pk-rev2; FruitJelly-Orange-8oz-1pk-rev2; FruitJelly-Orange-8oz-2PK-rev1; FruitJelly-Spearmint-8oz-1pk-rev2; FruitSlice-Apple-8oz-1pk [so_bazic]; FruitSlice-Assort-2lb-1pk-Rev1; FruitSlice-Assort-8oz-1pk-rev1
FruitSlice-Assort-1lb,TwistedTreatz,Fruit Slices,Assorted,FruitSlice-Assort-1lb,(blank),(blank); FruitSlice-Assort-1lb,
FruitSlice-Assort-1lb.,TwistedTreatz,Fruit Slices,Assorted,FruitSlice-Assort-1lb.,,,
FruitSlice-Assort-2lb,TwistedTreatz,Fruit Slices,Assorted,FruitSlice-Assort-2lb,(blank),FruitSlice-Assort-2lb,(blank); FruitSlice-Assort-2lb; FruitSlice-Assort-2lb...; FruitSlice-Assort-8oz-1Pk-rev1 [h_town]; FruitSlice-Assort-8oz-1pk; FruitSlice-Assort-8oz-1pk [candy_pantry]; FruitSlice-Assort-8oz-1pk [h_town]; FruitSlice-Assort-8oz-1pk [sweetshoppe]; FruitSlice-Assort-8oz-1pk-rev1 [h_town]; FruitSlice-Assorted-6oz-1Pk [candy_pantry]; FruitSlice-Assorted-6oz-1Pk [so_bazic]; FruitSlice-MixFruit-6oz-1Pk [candy_pantry]; FruitSlice-MixFruit-6oz-1Pk [so_bazic]
FruitSlice-Assort-2lb.,TwistedTreatz,Fruit Slices,Assorted,FruitSlice-Assort-2lb.,,,
FruitSlice-Assort-4oz,,Fruit Slices,Assorted,FruitSlice-Assort-4oz; FruitSlice-Assort-4oz.,,FruitSlice-Assort-4oz,
FruitSlice-Assort-8oz,TwistedTreatz,Fruit Slices,Assorted,FruitSlice-Assort-8oz,(blank),FruitSlice-Assort-8oz,(blank); FruitJelly-Assorted-8oz-1pk-rev1; FruitJelly-Assorted-8oz-2pk-rev1; FruitSlice-Assort-2lb-1pk-Rev1 [so_bazic]; FruitSlice-Assort-6oz-1pk; FruitSlice-Assort-6oz-1pk-rev1; FruitSlice-Assort-8oz [so_bazic]; FruitSlice-Assort-8oz-1pk [so_bazic]; FruitSlice-Assort-8oz-1pk-rev1 [so_bazic]; FruitSlice-Assort-8oz.....
FruitSlice-Assort-8oz.,TwistedTreatz,Fruit Slices,Assorted,FruitSlice-Assort-8oz.,,,
FruitSlice-Assorted,TwistedTreatz,Fruit Slices,Assorted,,,,FruitSlice-Assorted-6oz-1Pk [sweetshoppe]; FruitSlice-MixFruit-6oz-1Pk [sweetshoppe]
FruitSlice-Blue-1lb,TwistedTreatz,Fruit Slices,Blue Raspberry,FruitSlice-Blue-1lb,,(blank); FruitSlice-Blue-1lb,
FruitSlice-Blue-2lb,TwistedTreatz,Fruit Slices,Blue Raspberry,FruitSlice-Blue-2lb,,FruitSlice-Blue-2lb,
FruitSlice-Blue-4oz,,Fruit Slices,Blue Raspberry,FruitSlice-Blue-4oz,,,
FruitSlice-Blue-8oz,TwistedTreatz,Fruit Slices,Blue Raspberry,FruitSlice-Blue-8oz,,FruitSlice-Blue-8oz,(blank); FruitSlice-Blue-8oz; FruitSlice-Blue-8oz-1pk; FruitSlice-Blue-8oz-1pk [h_town]
FruitSlice-Blue-8oz.,TwistedTreatz,Fruit Slices,Blue Raspberry,FruitSlice-Blue-8oz.,,,
FruitSlice-BlueRaspberry,TwistedTreatz,Fruit Slices,Blue Raspberry,,,,FruitSlice-Blue-2lb-rev1 [so_bazic]; FruitSlice-Blue-8oz-1pk [so_bazic]
FruitSlice-Cherry,TwistedTreatz,Fruit Slices,Cherry,,,(blank); FruitSlice-Cherry-1lb,(blank); FruitJelly-Cherry-8oz-1pk; FruitSlice-Cherry-8oz-1pk; FruitSlice-Cherry-8oz-1pk [h_town]; FruitSlice-Cherry-8oz-1pk [so_bazic]
FruitSlice-Cherry-2lb,TwistedTreatz,Fruit Slices,Cherry,FruitSlice-Cherry-2lb,,FruitSlice-Cherry-2lb,
FruitSlice-Cherry-4oz,,Fruit Slices,Cherry,FruitSlice-Cherry-4oz,,,
FruitSlice-Cherry-8oz,TwistedTreatz,Fruit Slices,Cherry,FruitSlice-Cherry-8oz,,FruitSlice-Cherry-8oz,
FruitSlice-Cherry-8oz.,TwistedTreatz,Fruit Slices,Cherry,FruitSlice-Cherry-8oz.,,,
FruitSlice-Cherry-FruitSlice-Cherry-1lb,TwistedTreatz,Fruit Slices,Cherry,FruitSlice-Cherry-FruitSlice-Cherry-1lb,,,
FruitSlice-Grape,TwistedTreatz,Fruit Slices,Grape,,,(blank),FruitSlice-Grape-8oz-1pk [so_bazic]
FruitSlice-Grape-1lb,TwistedTreatz,Fruit Slices,Grape,FruitSlice-Grape-1lb,,FruitSlice-Grape-1lb,
FruitSlice-Grape-2lb,,Fruit Slices,Grape,FruitSlice-Grape-2lb,,FruitSlice-Grape-2lb,
FruitSlice-Grape-4oz,,Fruit Slices,Grape,FruitSlice-Grape-4oz,,,
FruitSlice-Grape-8oz,TwistedTreatz,Fruit Slices,Grape,FruitSlice-Grape-8oz,,FruitSlice-Grape-8oz,(blank); FruitSlice-Grape-8oz; FruitSlice-Grape-8oz-1pk
FruitSlice-Grape-8oz.,TwistedTreatz,Fruit Slices,Grape,FruitSlice-Grape-8oz.,,,
FruitSlice-Lemon,TwistedTreatz,Fruit Slices,Lemon,,,(blank),FruitSlice-Lemon-8oz-1pk [so_bazic]
FruitSlice-Lemon-1lb,TwistedTreatz,Fruit Slices,Lemon,FruitSlice-Lemon-1lb,,FruitSlice-Lemon-1lb,
FruitSlice-Lemon-2lb,TwistedTreatz,Fruit Slices,Lemon,FruitSlice-Lemon-2lb,,,
FruitSlice-Lemon-4oz,,Fruit Slices,Lemon,FruitSlice-Lemon-4oz,,,
FruitSlice-Lemon-8oz,TwistedTreatz,Fruit Slices,Lemon,FruitSlice-Lemon-8oz,,FruitSlice-Lemon-8oz,
FruitSlice-Lemon-8oz.,TwistedTreatz,Fruit Slices,Lemon,FruitSlice-Lemon-8oz.,,,(blank); FruitSlice-Lemon-8oz-1pk; FruitSlice-Lemon-8oz.
FruitSlice-LemonLime,TwistedTreatz,Fruit Slices,Lemon Lime,,,(blank),(blank); FruitSlice-LemonLime-8oz-1pk; FruitSlice-LemonLime-8oz-1pk [so_bazic]
FruitSlice-LemonLime-1lb,TwistedTreatz,Fruit Slices,Lemon Lime,FruitSlice-LemonLime-1lb,,FruitSlice-LemonLime-1lb,
FruitSlice-LemonLime-2lb,TwistedTreatz,Fruit Slices,Lemon Lime,FruitSlice-LemonLime-2lb,,FruitSlice-LemonLime-2lb,
FruitSlice-LemonLime-4oz,,Fruit Slices,Lemon Lime,FruitSlice-LemonLime-4oz,,,
FruitSlice-LemonLime-8oz,TwistedTreatz,Fruit Slices,Lemon Lime,FruitSlice-LemonLime-8oz,,FruitSlice-LemonLime-8oz,
FruitSlice-LemonLime-8oz.,TwistedTreatz,Fruit Slices,Lemon Lime,FruitSlice-LemonLime-8oz.,,,FruitSlice-LemonLime-8oz.
FruitSlice-Lime,TwistedTreatz,Fruit Slices,Lime,,,(blank),(blank); FruitSlice-Lime-2lb-rev1 [so_bazic]; FruitSlice-Lime-8oz-1pk; FruitSlice-Lime-8oz-1pk [so_bazic]
FruitSlice-Lime-1lb,TwistedTreatz,Fruit Slices,Lime,FruitSlice-Lime-1lb,,FruitSlice-Lime-1lb,
FruitSlice-Lime-2lb,TwistedTreatz,Fruit Slices,Lime,FruitSlice-Lime-2lb,,FruitSlice-Lime-2lb,
FruitSlice-Lime-4oz,,Fruit Slices,Lime,FruitSlice-Lime-4oz,,FruitSlice-Lime-4oz,
FruitSlice-Lime-8oz,TwistedTreatz,Fruit Slices,Lime,FruitSlice-Lime-8oz,,FruitSlice-Lime-8oz,
FruitSlice-Lime-8oz.,TwistedTreatz,Fruit Slices,Lime,FruitSlice-Lime-8oz.,,,FruitSlice-Lime-8oz.
FruitSlice-Orange,TwistedTreatz,Fruit Slices,Orange,,,(blank),(blank); FruitJelly-Orange-8oz-1Pk [h_town]; FruitJelly-Orange-8oz-1pk; FruitSlice-Orange-8oz-1pk; FruitSlice-Orange-8oz-1pk [so_bazic]
FruitSlice-Orange-1lb,TwistedTreatz,Fruit Slices,Orange,FruitSlice-Orange-1lb,,FruitSlice-Orange-1lb,
FruitSlice-Orange-2lb,TwistedTreatz,Fruit Slices,Orange,FruitSlice-Orange-2lb,,FruitSlice-Orange-2lb,
FruitSlice-Orange-4oz,,Fruit Slices,Orange,FruitSlice-Orange-4oz,,,
FruitSlice-Orange-8oz,TwistedTreatz,Fruit Slices,Orange,FruitSlice-Orange-8oz,,FruitSlice-Orange-8oz,
FruitSlice-Orange-8oz.,TwistedTreatz,Fruit Slices,Orange,FruitSlice-Orange-8oz.,,,
FruitSlice-Peach,TwistedTreatz,Fruit Slices,Peach,,,(blank); FruitSlice-Peach-4oz,(blank); FruitSlices-Peach-8oz-1pk; FruitSlices-Peach-8oz-1pk [so_bazic]
FruitSlice-Peach-1lb,TwistedTreatz,Fruit Slices,Peach,FruitSlice-Peach-1lb,,FruitSlice-Peach-1lb,
FruitSlice-Peach-2lb,TwistedTreatz,Fruit Slices,Peach,FruitSlice-Peach-2lb,,FruitSlice-Peach-2lb,
FruitSlice-Peach-8oz,TwistedTreatz,Fruit Slices,Peach,FruitSlice-Peach-8oz,,FruitSlice-Peach-8oz,
FruitSlice-PinkGrape-1lb,TwistedTreatz,Fruit Slices,Pink Grapefruit,FruitSlice-PinkGrape-1lb,,(blank); FruitSlice-PinkGrape-1lb,
FruitSlice-PinkGrape-2lb,TwistedTreatz,Fruit Slices,Pink Grapefruit,FruitSlice-PinkGrape-2lb,,FruitSlice-PinkGrape-2lb,
FruitSlice-PinkGrape-4oz,,Fruit Slices,Pink Grapefruit,FruitSlice-PinkGrape-4oz,,FruitSlice-PinkGrape-4oz,
FruitSlice-PinkGrape-8oz,TwistedTreatz,Fruit Slices,Pink Grapefruit,FruitSlice-PinkGrape-8oz,,FruitSlice-PinkGrape-8oz,
FruitSlice-PinkGrape-8oz.,TwistedTreatz,Fruit Slices,Pink Grapefruit,FruitSlice-PinkGrape-8oz.,,,(blank); FruitSlice-PinkGrape-8oz-1pk; FruitSlice-PinkGrape-8oz.
FruitSlice-PinkGrapefruit,TwistedTreatz,Fruit Slices,Pink Grapefruit,,,,FruitSlice-PinkGrape-8oz-1pk [so_bazic]
FruitSlice-Raspberry,TwistedTreatz,Fruit Slices,Raspberry,,,(blank),FruitSlice-Raspberry-8oz-1pk [so_bazic]
FruitSlice-Raspberry-1lb,TwistedTreatz,Fruit Slices,Raspberry,FruitSlice-Raspberry-1lb,,FruitSlice-Raspberry-1lb,
FruitSlice-Raspberry-2lb,TwistedTreatz,Fruit Slices,Raspberry,FruitSlice-Raspberry-2lb,,FruitSlice-Raspberry-2lb,
FruitSlice-Raspberry-4oz,,Fruit Slices,Raspberry,FruitSlice-Raspberry-4oz,,,
FruitSlice-Raspberry-8oz,TwistedTreatz,Fruit Slices,Raspberry,FruitSlice-Raspberry-8oz,,FruitSlice-Raspberry-8oz,(blank); FruitSlice-Raspberry-8oz; FruitSlice-Raspberry-8oz-1pk
FruitSlice-Raspberry-8oz.,TwistedTreatz,Fruit Slices,Raspberry,FruitSlice-Raspberry-8oz.,,,
FruitSlice-Spearmint,TwistedTreatz,Fruit Slices,Spearmint,,,,(blank); FruitJelly-Spearmint-8oz-1pk
FruitSlice-Watermelon,TwistedTreatz,Fruit Slices,Watermelon,,,,(blank); FruitSlice-Watermelon-8oz-1pk; FruitSlice-Watermelon-8oz-1pk [so_bazic]
FruitSlice-Watermelon-1lb,TwistedTreatz,Fruit Slices,Watermelon,FruitSlice-Watermelon-1lb,,(blank); FruitSlice-Watermelon-1lb,
FruitSlice-Watermelon-2lb,TwistedTreatz,Fruit Slices,Watermelon,FruitSlice-Watermelon-2lb,,FruitSlice-Watermelon-2lb,
FruitSlice-Watermelon-4oz,,Fruit Slices,Watermelon,FruitSlice-Watermelon-4oz,,,
FruitSlice-Watermelon-8oz,TwistedTreatz,Fruit Slices,Watermelon,FruitSlice-Watermelon-8oz,,FruitSlice-Watermelon-8oz,FruitSlice-Watermelon-8oz
FruitSlice-Watermelon-8oz.,TwistedTreatz,Fruit Slices,Watermelon,FruitSlice-Watermelon-8oz.,,,
FruityPebble-White-16oz,,Chocolate Bark,Rainbow Crunch,FruityPebble-White-16oz,,,
FruityPebble-White-2lb jar,,Chocolate Bark,Rainbow Crunch,FruityPebble-White-2lb jar,,FruityPebble-White-2lb jar,
FruityPebble-White-4oz,,Chocolate Bark,Rainbow Crunch,FruityPebble-White-4oz,,,
FruityPebbleBark-2lb,TwistedTreatz,Chocolate Bark,Rainbow Crunch,FruityPebbleBark-2lb,(blank),(blank); FruityPebbleBark-2lb,(blank); FruityPebble-White-2lb-Jar-1pk
FruityPebbleBark-2lbs,TwistedTreatz,Chocolate Bark,Rainbow Crunch,FruityPebbleBark-2lbs,,(blank); FruityPebbleBark-16oz; FruityPebbleBark-2lbs; FruityPebblesBark-1lb; FruityPebblesBark-8oz; Rainb-Crunch-Whi-Bark-16oz; Rainb-Crunch-Whi-Bark-2lbs,
FruityPebbleBark-8oz,TwistedTreatz,Chocolate Bark,Rainbow Crunch,FruityPebbleBark-8oz,,FruityPebbleBark-8oz,
GainDryerSheets-Original,Other (IP),Household,Gain Dryer Sheets Original,,,,Gain-DryerSheets15ct-Original-1pk [so_bazic]; Gain-DryerSheets15ct-Original-3pk [so_bazic]
GainDryerSheets-SuperFreshBlast,Other (IP),Household,Gain Dryer Sheets Super Fresh Blast,,,,Gain-DryerSheets15ct-Fresh-1pk [so_bazic]
Ghoulish Gummi Mix-8oz-2ct,TwistedTreatz,Halloween Gummy Mix,Assorted,Ghoulish Gummi Mix-8oz-2ct,,(blank); GhoulishMix-8oz-2Pk,
GiantGummi-Rattlesnake,TwistedTreatz,Gummy Rattlesnakes,Original,,(blank),(blank); Giant-Snake-Gummi-8oz-1pk; Giant-Snake-Gummi-8oz-4pk,(blank); Giant-Snake-Gummi-8oz-2pk
Gildan-White,Other (IP),Apparel,Gildan T-Shirt White,,,,Gildan-White-M-3PK [so_bazic]
GildanTShirt-White,Other (IP),Apparel,Gildan T-Shirt White,,,,Gildan-White-L [so_bazic]; Gildan-White-XXL [so_bazic]
GooeyGummies-SourBlueRaspberry,TwistedTreatz,Gushers,Sour Blue Raspberry,,(blank),(blank); GooeyGumm-SourBlue-20oz; GooeyGumm-SourBlue-9oz; GooeyGushers-SourBlue-20oz; GooeyGushers-SourBlue-9oz,GooeyGumm-Blue-9oz; GooeyGushers-SourBlue-9oz [so_bazic]
GooeyGummies-SourCherry,TwistedTreatz,Gushers,Sour Cherry,,,(blank); GooeyGumm-SourCherry-20oz; GooeyGumm-SourCherry-9oz,
GooeyGummies-SourGrape,TwistedTreatz,Gushers,Sour Grape,,,(blank),GooeyGushers-SourGrape-9oz [so_bazic]
GooeyGummies-SourGreenApple,TwistedTreatz,Gushers,Sour Green Apple,,,(blank),
GooeyGummies-SourOrange,TwistedTreatz,Gushers,Sour Orange,,,(blank),
GooeyGummies-SourWatermelon,TwistedTreatz,Gushers,Sour Watermelon,,,(blank); GooeyGumm-SourWater-20oz; GooeyGumm-SourWater-9oz; GooeyGushers-SourWater-9oz,
GooeyGummies-SweetBlueRaspberry,TwistedTreatz,Gushers,Sweet Blue Raspberry,,,(blank); GooeyGumm-SweetBlue-20oz; GooeyGumm-SweetBlue-9oz; GooeyGushers-SweetBlue-20oz; GooeyGushers-SweetBlue-9oz,
GooeyGummies-SweetCherry,TwistedTreatz,Gushers,Sweet Cherry,,,(blank); GooeyGumm-SweetCherry-9oz,
GooeyGummies-SweetGrape,TwistedTreatz,Gushers,Sweet Grape,,,(blank),
GooeyGummies-SweetWatermelon,TwistedTreatz,Gushers,Sweet Watermelon,,,GooeyGumm-SweetWater-20oz; GooeyGumm-SweetWater-9oz,GooeyGushers-SweetWater-20oz [so_bazic]
GooeyGusher-BlueRaspberry,TwistedTreatz,Gushers,Sour Blue Raspberry,,,(blank); GooeyGushers-Blue-20oz; GooeyGushers-Blue-9oz; GooeyGushers-Blue-Powd-20oz; GooeyGushers-Blue-Powd-9oz,
GooeyGushers-SourCherry,TwistedTreatz,Gushers,Sour Cherry,,,,(blank); GooeyGumm-SourCherry-20oz; GooeyGumm-SourCherry-9oz; GooeyGushers-SourCherry-9oz-rev1
GooeyGushers-SourGrape,TwistedTreatz,Gushers,Sour Grape,,,(blank),(blank)
GooeyGushers-SourGreenApple,TwistedTreatz,Gushers,Sour Green Apple,,,,(blank); GooeyGushers-SourGApple-20oz-rev1
GooeyGushers-SourOrange,TwistedTreatz,Gushers,Sour Orange,,,,(blank)
GooeyGushers-SourWatermelon,TwistedTreatz,Gushers,Sour Watermelon,,,,(blank); GooeyGushers-SourWater-20oz; GooeyGushers-SourWater-20oz-rev1
GooeyGushers-SweetBlueRaspberry,TwistedTreatz,Gushers,Sweet Blue Raspberry,,,,(blank); GooeyGushers-SweetBlue-20oz; GooeyGushers-SweetBlue-20oz-rev1
GooeyGushers-SweetCherry,TwistedTreatz,Gushers,Sweet Cherry,,,,(blank); GooeyGushers-SweetCherry-20oz; GooeyGushers-SweetCherry-20oz-rev1
GooeyGushers-SweetGrape,TwistedTreatz,Gushers,Sweet Grape,,,,(blank)
GooeyGushers-SweetGreenApple,TwistedTreatz,Gushers,Sweet Green Apple,,,,(blank)
GooeyGushers-SweetOrange,TwistedTreatz,Gushers,Sweet Orange,,,,(blank)
GooeyGushers-SweetWatermelon,TwistedTreatz,Gushers,Sweet Watermelon,,,,(blank)
Gummi-AwesomeBlossoms,TwistedTreatz,Gummy Awesome Blossoms,Assorted,,(blank),,(blank); Blossoms-8oz-1PK; Blossoms-8oz-2PK
Gummi-ChickenFeet,TwistedTreatz,Gummy Chicken Feet,Original,,,(blank); ChickFeet-8oz-2Pk,(blank)
Gummi-FriedEgg,TwistedTreatz,Gummy Fried Eggs,Original,,,,(blank)
Gummi-MonsterMix,TwistedTreatz,Gummy Monster Mix,Assorted,,,MonsterGummy-8oz-1PK,
Gummi-RedRaspberries,TwistedTreatz,Gummy Raspberries,Original,,(blank),,(blank)
Gummi-SourPeachButtons,TwistedTreatz,Gummy Buttons,Sour Peach,,(blank),,(blank)
Gummi-Teeth,TwistedTreatz,Gummy Teeth,Original,,,(blank),(blank); TeethGummy-8oz-1Pk
GummiMix-Spooktacular,TwistedTreatz,Halloween Gummy Mix,Assorted,,,(blank),Spooktacular-8oz-1pk
GummiMonsterMix-Assorted,TwistedTreatz,Gummy Monster Mix,Assorted,,(blank),,(blank)
GummiSnowflakes,TwistedTreatz,Gummy Snowflakes,Assorted,,,,(blank)
GummiWorms-Mini,TwistedTreatz,Gummy Worms,Assorted,,(blank),,(blank)
GummiWorms-NeonSour,TwistedTreatz,Gummy Worms,Neon Sour,,,(blank); NeonGummyWorm-8oz-1pk; NeonGummyWorm-8oz-2pk,
Gummy-Butterflies,TwistedTreatz,Gummy Butterflies,Assorted,,(blank),,(blank)
Gummy-ColaBottles,TwistedTreatz,Gummy Cola Bottles,Original,,(blank),,(blank); ColaBottle-8oz-1Pk [h_town]; ColaBottle-8oz-2Pk
Gummy-Shark,TwistedTreatz,Gummy Sharks,Original,,(blank),(blank); BlueShark-8oz-1PK; Gummy-Shark-8oz; Gummy-Shark-8oz-2pk; Gummy-Shark-8oz-4pk,(blank); Blue-GummyShark-8oz-1PK; Blue-GummyShark-8oz-2PK; Gummy-Shark-8oz-1pk
Gummy-SourLips,TwistedTreatz,Gummy Lips,Sour,,,,(blank)
Gummy-StrawberryCream,TwistedTreatz,Gummy Strawberries & Cream,Original,,(blank),,
Gummy-Teeth,TwistedTreatz,Gummy Teeth,Original,,,TeethGummy-8oz-1Pk,
GummyBear-Assorted,TwistedTreatz,Gummy Bears,Assorted,,(blank),,(blank); Assorted-Bear-8oz-1pk
GummyBear-BlueRaspberry,TwistedTreatz,Gummy Bears,Blue Raspberry,,,,(blank); Blue-Bear-8oz-1pk
GummyBear-Christmas,TwistedTreatz,Gummy Bears,Christmas Mix,,,,(blank)
GummyBear-Grape,TwistedTreatz,Gummy Bears,Grape,,,,(blank); Grape-Bear-8oz-1pk
GummyBear-GreenApple,TwistedTreatz,Gummy Bears,Green Apple,,,,(blank); GreenApple-Bear-8oz-1pk
GummyBear-LightBlueWatermelon,TwistedTreatz,Gummy Bears,Watermelon,,,,(blank); LtBlueWater-Bear-8oz-1pk
GummyBear-Mango,TwistedTreatz,Gummy Bears,Mango,,,,(blank); Mango-Bear-8oz-1pk
GummyBear-Orange,TwistedTreatz,Gummy Bears,Orange,,,,(blank); Orange-Bear-8oz-1pk
GummyBear-Peace,TwistedTreatz,Gummy Bears,Peach,,,,(blank); Peace-Bear-8oz-1pk
GummyBear-Pineapple,TwistedTreatz,Gummy Bears,Pineapple,,,,(blank); Pine-Bear-8oz-1pk
GummyBear-PinkGrapefruit,TwistedTreatz,Gummy Bears,Pink Grapefruit,,,,(blank); PinkGrape-Bear-8oz-1pk
GummyBear-Sour,TwistedTreatz,Gummy Bears,Sour,,,,(blank); Sour-Bear-8oz-1pk
GummyBear-Strawberry,TwistedTreatz,Gummy Bears,Strawberry,,,,(blank); Strawberry-Bear-8oz-1pk
GummyBear-Valentine,TwistedTreatz,Gummy Bears,Valentine Mix,,,,(blank)
GummyBear-WildCherry,TwistedTreatz,Gummy Bears,Wild Cherry,,,,(blank); Cherry-Bear-8oz-1pk
GummyBears-Assorted,TwistedTreatz,Gummy Bears,Assorted,,(blank),,(blank); GummyBear-Assorted-8oz-1pk [so_bazic]
GummyBears-BlueRaspberry,TwistedTreatz,Gummy Bears,Blue Raspberry,,,(blank); Blue-Bear-16oz-1PK; Blue-Bear-16oz-2PK; Blue-Bear-16oz-5PK; Blue-Bear-8oz; Blue-Bears-1lb-1PK; Blue-Bears-8oz,(blank); Bear-Blue-15ozJar-1pk
GummyBears-ChocolateCovered,TwistedTreatz,Chocolate Covered Gummy Bears,Original,,,GummyBear-Chocolate-8oz-1PK; GummyBear-Chocolate-8oz-2PK,
GummyBears-Christmas,TwistedTreatz,Gummy Bears,Christmas Mix,,(blank),(blank),(blank)
GummyBears-Grape,TwistedTreatz,Gummy Bears,Grape,,,(blank); Grape-Bear-16oz-2PK; Grape-Bear-8oz; Grape-Bears-8oz,(blank); Bear-Grape-15oz Jar-1pk
GummyBears-GreenApple,TwistedTreatz,Gummy Bears,Green Apple,,(blank),,(blank); Gummy-Bears-Green-Apple-8oz-1PK
GummyBears-Mango,TwistedTreatz,Gummy Bears,Mango,,,(blank),(blank); Bear-Mango-15oz-Jar-1pk; GummyBear-Mango-8oz-1pk [so_bazic]
GummyBears-Mystery,TwistedTreatz,Gummy Bears,Mystery,,,(blank),
GummyBears-Orange,TwistedTreatz,Gummy Bears,Orange,,,,(blank); Bear-Orange-15oz-Jar-1pk
GummyBears-Pineapple,TwistedTreatz,Gummy Bears,Pineapple,,,(blank); Pine-Bear-16oz-1PK; Pine-Bear-8oz,(blank); Bear-Pineapple-15oz-Jar-1pk
GummyBears-PinkGrapefruit,TwistedTreatz,Gummy Bears,Pink Grapefruit,,,(blank),(blank); Bear-Grapefruit-15oz-Jar-1pk
GummyBears-Sour,TwistedTreatz,Gummy Bears,Sour,,(blank),,(blank); GummyBear-Sour-8oz-1PK; GummyBear-Sour-8oz-2PK
GummyBears-Strawberry,TwistedTreatz,Gummy Bears,Strawberry,,,(blank); Strawberry-Bear-8oz; Strawberry-Bears-8oz,(blank); Bear-Strawberry-15oz-Jar-1-pk
GummyBears-ValentinesDay,TwistedTreatz,Gummy Bears,Valentine Mix,,,,(blank); GummyBear-ValentineBear-8oz-1pk [so_bazic]
GummyBears-Watermelon,TwistedTreatz,Gummy Bears,Watermelon,,,(blank); LtBlueWater-Bear-8oz; LtBlueWater-Bears-1lb-1PK; LtBlueWater-Bears-8oz,(blank); Bear-Green-15oz-Jar-1pk
GummyBears-WildCherry,TwistedTreatz,Gummy Bears,Wild Cherry,,,Cherry-Bear-8oz; WildCherry-Bear-1lb-2PK; WildCherry-Bear-8oz,(blank); Bear-Cherry-15oz-Jar-1pk
GummyRings-Assorted,TwistedTreatz,Gummy Rings,Assorted,,(blank),,(blank)
GummyRings-BlueRaspberry,TwistedTreatz,Gummy Rings,Blue Raspberry,,,(blank); GummyRings-Blue-16oz-1pk; GummyRings-Blue-8oz-1pk,(blank); GummyRings-Blue-8oz-1pk [so_bazic]
GummyRings-Cherry,TwistedTreatz,Gummy Rings,Cherry,,,(blank); GummyRings-Cherry-16oz-1pk; GummyRings-Cherry-8oz-1pk,(blank)
GummyRings-GreenApple,TwistedTreatz,Gummy Rings,Green Apple,,,(blank); GummyRings-Apple-16oz-1pk; GummyRings-Apple-8oz-1pk,(blank); GummyRings-Apple-4oz-2pk
GummyRings-Peach,TwistedTreatz,Gummy Rings,Peach,,,(blank); GummyRings-Peach-16oz-1pk; GummyRings-Peach-8oz-1pk,(blank)
GummyRings-Pineapple,TwistedTreatz,Gummy Rings,Pineapple,,,(blank); GummyRings-Pineapp-16oz-1pk,(blank)
GummyRings-StrawberryBanana,TwistedTreatz,Gummy Rings,Strawberry Banana,,,(blank); GummyRings-StrawBan-16oz-1pk; GummyRings-StrawBan-8oz-1pk,(blank); GummyRings-StrawBan-4oz-1pk
GummyRings-Watermelon,TwistedTreatz,Gummy Rings,Watermelon,,,(blank); GummyRings-Watermln-16oz-1pk; GummyRings-Watermln-8oz-1pk,(blank); GummyRings-Watermln-4oz-3pk
GummyUnicorn-Assorted,TwistedTreatz,Gummy Unicorns,Assorted,,(blank),,UnicornGummy-8oz-1pk
Gushers-BlueRaspberry,TwistedTreatz,Gushers,Blue Raspberry,,,,Blue-Gusher-4oz-1pk-rev1 [so_bazic]
Gushers-ChamoyTajin,TwistedTreatz,Gushers,Chamoy Tajin,,,,Chamoy-Gusher-4oz-1pk-rev1 [so_bazic]
Gushers-CottonCandy,TwistedTreatz,Gushers,Cotton Candy,,,,CottonCand-Gushers-4oz-1pk [so_bazic]
Gushers-Watermelon,TwistedTreatz,Gushers,Watermelon,,,,Watermln-Gusher-4oz-1pk-rev1 [so_bazic]
Hallo-SpiceDrop-8oz-1ct,,Spice Drops,Assorted,Hallo-SpiceDrop-8oz-1ct,,,
Hallo-SpiceDrop-8oz-3ct,,Spice Drops,Assorted,Hallo-SpiceDrop-8oz-3ct,,,
HardCandy-BananaRama,TwistedTreatz,Hard Candy,Banana Rama,,,(blank); Banana-Rama-8oz-1-pk; Banana-Rama-8oz-2-pk,
HardCandy-CrazyBanana,TwistedTreatz,Hard Candy,Crazy Banana,,,(blank); Crazy-Banana-8oz-1-pk; Crazy-Banana-8oz-2-pk,
HardCandy-FlowerPower,TwistedTreatz,Hard Candy,Flower Power,,,(blank); Flower-Power-8oz-1-pk; Flower-Power-8oz-2-pk,
HardCandy-Pacifier,TwistedTreatz,Novelty Chewy Candy,Assorted,,,,Pacifier-HardCandy-8oz-1pk [h_town]
HardCandy-RootBeerBarrels,TwistedTreatz,Hard Candy,Root Beer,,,(blank),
HardCandyDiscs-Spearmint,TwistedTreatz,Hard Candy,Spearmint,,,,(blank)
HardCandyJar-Bananarama,TwistedTreatz,Hard Candy,Banana Rama,,,(blank); BananaRama-13oz-Jar,(blank)
HardCandyJar-CrazyBananans,TwistedTreatz,Hard Candy,Crazy Banana,,,(blank); CrazyBanana-13oz-Jar,(blank)
HardCandyJar-FlowerPower,TwistedTreatz,Hard Candy,Flower Power,,,(blank),
Haribo-HappyCola,Other (IP),Haribo,Happy Cola,,,,(blank)
Haribo-Raspberries,Other (IP),Haribo,Raspberries,,,,(blank)
Haribo-TwinSnakes,Other (IP),Haribo,Twin Snakes,,,,(blank)
Hersheys-Kisses-CandyCane,Other (IP),Hershey's Kisses,Candy Cane,Hersheys-Kisses-CandyCane,,(blank),
Hoodie-Black,Other (IP),Apparel,Hoodie Black,,,,(blank) [so_bazic]; Black-Hoodie-2XL [so_bazic]; Black-Hoodie-L [so_bazic]; Black-Hoodie-M [so_bazic]; Black-Hoodie-XL [so_bazic]
Hoodie-DarkGreen,Other (IP),Apparel,Hoodie Dark Green,,,,(blank) [so_bazic]; Green-Hoodie-2XL [so_bazic]; Green-Hoodie-L [so_bazic]; Green-Hoodie-M [so_bazic]; Green-Hoodie-S [so_bazic]; Green-Hoodie-XL [so_bazic]
Hoodie-HeatherGrey,Other (IP),Apparel,Hoodie Heather Grey,,,,(blank) [so_bazic]; HGrey-Hoodie-2XL [so_bazic]; HGrey-Hoodie-L [so_bazic]; HGrey-Hoodie-M [so_bazic]; HGrey-Hoodie-XL [so_bazic]
Hoodie-NavyBlue,Other (IP),Apparel,Hoodie Navy Blue,,,,(blank) [so_bazic]; Hoodie-2PK-Navy-L [so_bazic]; NavyBlue-Hoodie-2XL [so_bazic]; NavyBlue-Hoodie-L [so_bazic]; NavyBlue-Hoodie-M [so_bazic]; NavyBlue-Hoodie-S [so_bazic]; NavyBlue-Hoodie-XL [so_bazic]
Hoodie-RoyalBlue,Other (IP),Apparel,Hoodie Royal Blue,,,,(blank) [so_bazic]; RoyalBlue-Hoodie-2XL [so_bazic]; RoyalBlue-Hoodie-L [so_bazic]; RoyalBlue-Hoodie-M [so_bazic]; RoyalBlue-Hoodie-XL [so_bazic]
HotTamales-Cinnamon,Other (IP),Hot Tamales,Cinnamon,,,,(blank)
HugeLighter-Assorted,Other (IP),Lighters,Extra Large Lighter,,,,HugeLighter-2pk [so_bazic]; HugeLighter-3pk [so_bazic]
IP1100-10ct.,,Matches,Sunlite Strike on Box,IP1100-10ct.,,,
IP1100-1ct,,Matches,Sunlite Strike on Box,IP1100-1ct,,,
IP1100-3ct,,Matches,Sunlite Strike on Box,IP1100-3ct,,,
IP1201-1ct,,Personal Care,Colgate 360 Charcoal Toothbrush,IP1201-1ct,,,
IP1201-1ct.,Other (IP),Personal Care,Colgate 360 Charcoal Toothbrush,IP1201-1ct.,,,
IP1202-6ct.,Other (IP),Personal Care,Oral-B 3D White Toothbrush,IP1202-6ct.,,,
IP1205-1ct,Other (IP),Claey's,Green Apple,IP1205-1ct,,,
IP1212-1ct-1lb-Extra,Other (IP),Gushers,Sour Blue Raspberry,IP1212-1ct-1lb-Extra,,,
IP1212-1ct-1lb.,,Gushers,Sour Blue Raspberry,IP1212-1ct-1lb.,,,
IP1212-1ct-4oz.,Other (IP),Gushers,Sour Blue Raspberry,IP1212-1ct-4oz.,,,
IP1212-1ct-8oz-Extra,,Gushers,Sour Blue Raspberry,IP1212-1ct-8oz-Extra,,,
IP1212-1ct-8oz.,,Gushers,Sour Blue Raspberry,IP1212-1ct-8oz.,,,
IP1216-10ct,,Matches,EcoFlare Kitchen,IP1216-10ct,,,
IP1216-1ct,,Matches,EcoFlare Kitchen,IP1216-1ct,,,
IP1216-3ct,,Matches,EcoFlare Kitchen,IP1216-3ct,,,
IP1223-1lb,,Gummy Buttons,Assorted,IP1223-1lb,,,
IP1225-1ct-1lb,,Sour Drops,Assorted,IP1225-1ct-1lb,,,
IP1227-1ct-FBA,,Matches,EcoFlare Striker Stickers,IP1227-1ct-FBA,,,
IP1227-3ct-FBA,Other (IP),Matches,EcoFlare Striker Stickers,IP1227-3ct-FBA,,,
IP1238-1ct,Other (IP),Matches,Striker Stickers,IP1238-1ct,,,
IP1238-2ct,Other (IP),Matches,Striker Stickers,IP1238-2ct,,,
IP1238-2ct-FBA,Other (IP),Matches,Striker Stickers,IP1238-2ct-FBA,,,
IP1238-4ct,Other (IP),Matches,Striker Stickers,IP1238-4ct,,,
IP1238-4ct-FBA,Other (IP),Matches,Striker Stickers,IP1238-4ct-FBA,,,
IP1244-8oz-Chamoy Tajin,Other (IP),Gushers,Chamoy Tajin,IP1244-8oz-Chamoy Tajin,,,
IP1244-8oz-Cotton Candy,Other (IP),Gushers,Cotton Candy,IP1244-8oz-Cotton Candy,,,
IP1244-8oz-Sour Blue Raspberry,,Gushers,Sour Blue Raspberry,IP1244-8oz-Sour Blue Raspberry,,,
IP1244-extra Powder Sour Blue Raspberry,,Gushers,Sour Blue Raspberry,IP1244-extra Powder Sour Blue Raspberry,,,
IP1244-extra Powder Sour Watermelon,Other (IP),Gushers,Sour Watermelon,IP1244-extra Powder Sour Watermelon,,,
IP1244-extra Powder Sour Wild Cherry,,Gushers,Sour Wild Cherry,IP1244-extra Powder Sour Wild Cherry,,,
IP132-100ct.,,Matches,Kitchen Strike on Box,IP132-100ct.,,,
IP132-10ct.,,Matches,Kitchen Strike on Box,IP132-10ct; IP132-10ct.,,,
IP132-1ct.2,,Matches,Kitchen Strike on Box,IP132-1ct.2,,,
IP132-20ct,Other (IP),Matches,Kitchen Strike on Box,IP132-20ct,,,
IP132-20ct....,,Matches,Kitchen Strike on Box,IP132-20ct....,,,
IP132-24ct,,Matches,Kitchen Strike on Box,IP132-24ct,,,
IP132-3ct,,Matches,Kitchen Strike on Box,IP132-3ct,,,
IP132.-1ct,,Matches,Kitchen Strike on Box,IP132-1ct; IP132-1ct..; IP132.-1ct,,,
IP162-1ct,,Lighters,Scripto,IP162-1ct,,,
IP215-1ct,,Mentos,Fruit,IP215-1ct,,,
IP615-1ct,,Matches,Diamond Greenlight Matchbooks,IP615-1ct,,,
IP654-1ct,,Mentos,Fruit,IP654-1ct,,,
IP702-2ct,Other (IP),Lighters,Scripto Views,IP702-2ct,,,
IP708-1ct,Other (IP),Matches,Fireplace Long Reach,IP708-1ct,,,
IP708-3ct...,Other (IP),Matches,Fireplace Long Reach,IP708-3ct...,,,
IP708-4ct.,Other (IP),Matches,Fireplace Long Reach,IP708-4ct.,,,
IP708-4ct...,,Matches,Fireplace Long Reach,IP708-4ct...,,,
IP904-3ct,Other (IP),Household,Zote White Laundry Soap,IP904-3ct,,,
IP907-12ct,,Mamba,Assorted,IP907-12ct,,,
IP921-1ct,Other (IP),Mentos,Mint,IP921-1ct,,,
IP921-1ct.,Other (IP),Mentos,Mint,IP921-1ct.,,,
IP925-12ct.,,Personal Care,Johnson's Baby Soap Blossoms,IP925-12ct.,,,
IPB016-2ct,,Matches,Diamond Greenlight Strike on Box,IPB016-2ct,,,
Jarritos-Gummies,Other (IP),Jarritos,Assorted,,,,(blank)
Jelly-Hearts-8oz,TwistedTreatz,Jelly Hearts,Assorted,Jelly-Hearts-8oz,(blank),(blank); CherryHearts-Candy-8oz-1PK; CherryHearts-Candy-8oz-4PK; Cinn-JuJuHearts-8oz-1PK; Cinn-JuJuHearts-8oz-2PK; Jelly-Hearts-8oz; Jelly-Hearts-8oz-1PK; Jelly-Hearts-8oz-2PK; JuJu-HeartCandy-8oz-1PK; JuJu-HeartCandy-8oz-4PK,(blank); Jelly-Hearts-8oz-1PK [h_town]; Jelly-Hearts-8oz-1pk
JellyBelly-BerryBlue,Other (IP),Jelly Belly,Berry Blue,,,,(blank); jelly-beans-8oz-BerryBlue-1pk; jelly-beans-8oz-BerryBlue-1pk [so_bazic]
JellyBelly-BirthdayCake,Other (IP),Jelly Belly,Birthday Cake,,,,(blank); jelly-beans-8oz-BirthdayCake-1pk
JellyBelly-Blueberry,Other (IP),Jelly Belly,Blueberry,,,,(blank); jelly-beans-8oz-Blueberry-1pk; jelly-beans-8oz-Blueberry-1pk [so_bazic]
JellyBelly-ButterPopcorn,Other (IP),Jelly Belly,Buttered Popcorn,,,,(blank); jelly-beans-8oz-ButterPopcorn-1pk; jelly-beans-8oz-ButterPopcorn-1pk [so_bazic]
JellyBelly-ChristmasMix,Other (IP),Jelly Belly,Christmas Mix,,,,(blank); jelly-beans-8oz-ChrisrmasMix-1pk; jelly-beans-8oz-ChristmasMix-1pk [so_bazic]
JellyBelly-Cinnamon,Other (IP),Jelly Belly,Cinnamon,,,,(blank); jelly-beans-8oz-Cinnamon-1pk
JellyBelly-CottonCandy,Other (IP),Jelly Belly,Cotton Candy,,,,(blank); jelly-beans-8oz-CottonCandy-1pk; jelly-beans-8oz-CottonCandy-1pk [so_bazic]
JellyBelly-CreamSoda,Other (IP),Jelly Belly,Cream Soda,,,,(blank); jelly-beans-8oz-CreamSoda-1pk
JellyBelly-CrushedPineapple,Other (IP),Jelly Belly,Crushed Pineapple,,,,(blank); jelly-beans-8oz-CrushedPineapple-1pk
JellyBelly-DrPepper,Other (IP),Jelly Belly,Dr Pepper,,,,(blank); jelly-beans-8oz-DrPepper-1pk; jelly-beans-8oz-DrPepper-1pk [so_bazic]
JellyBelly-FrenchVanilla,Other (IP),Jelly Belly,French Vanilla,,,,(blank); jelly-beans-8oz-FrenchVanilla-1pk
JellyBelly-Grape,Other (IP),Jelly Belly,Grape,,,,(blank); jelly-beans-8oz-Grape-1pk; jelly-beans-8oz-Grape-1pk [so_bazic]
JellyBelly-GreenApple,Other (IP),Jelly Belly,Green Apple,,,,(blank); jelly-beans-8oz-GreenApple-1pk; jelly-beans-8oz-GreenApple-1pk [so_bazic]
JellyBelly-JuicyPear,Other (IP),Jelly Belly,Juicy Pear,,,,(blank); jelly-beans-8oz-Juicypear-1pk
JellyBelly-Lemon,Other (IP),Jelly Belly,Lemon,,,,(blank); jelly-beans-8oz-Lemon-1pk
JellyBelly-Licorice,Other (IP),Jelly Belly,Licorice,,,,jelly-beans-8oz-Licorice-1pk
JellyBelly-Mango,Other (IP),Jelly Belly,Mango,,,,(blank); jelly-beans-8oz-Mango-1pk; jelly-beans-8oz-Mango-1pk [so_bazic]
JellyBelly-Orange,Other (IP),Jelly Belly,Orange,,,,(blank); jelly-beans-8oz-Orangejelly-1pk
JellyBelly-OrangeCrush,Other (IP),Jelly Belly,Orange Crush,,,,(blank); jelly-beans-8oz-OrangeCrush-1pk
JellyBelly-Peach,Other (IP),Jelly Belly,Peach,,,,(blank); jelly-beans-8oz-Peach-1pk
JellyBelly-RedApple,Other (IP),Jelly Belly,Red Apple,,,,(blank); jelly-beans-8oz-RedApple-1pk; jelly-beans-8oz-RedApple-1pk [so_bazic]
JellyBelly-RootBeer,Other (IP),Jelly Belly,Root Beer,,,,(blank); jelly-beans-8oz-RootBeer-1pk; jelly-beans-8oz-RootBeer-1pk [so_bazic]
JellyBelly-StrawberryCheesecake,Other (IP),Jelly Belly,Strawberry Cheesecake,,,,(blank); jelly-beans-8oz-StrawberryCheesecake-1pk
JellyBelly-Tangerine,Other (IP),Jelly Belly,Tangerine,,,,(blank); jelly-beans-8oz-Tangerine-1pk; jelly-beans-8oz-Tangerine-1pk [so_bazic]
JellyBelly-ToastedMarshmallow,Other (IP),Jelly Belly,Toasted Marshmallow,,,,(blank); jelly-beans-8oz-ToastedMarshmal-1pk
JellyBelly-TopBanana,Other (IP),Jelly Belly,Top Banana,,,,(blank); jelly-beans-8oz-TopBanana-1pk [so_bazic]; jelly-beans-8oz-TopBananna-1pk
JellyBelly-TuttiFrutti,Other (IP),Jelly Belly,Tutti Frutti,,,(blank),(blank); jelly-beans-8oz-TuttiFrutti-1pk
JellyBelly-Watermelon,Other (IP),Jelly Belly,Watermelon,,,,(blank); jelly-beans-8oz-Watermelon-1pk
JohnsonSoap-Pink-12pk,Other (IP),Personal Care,Johnson's Baby Soap Blossoms,JohnsonSoap-Pink-12pk,,,(blank); JohnsonSoap-Pink-12pk [so_bazic]; JohnsonSoap-Pink-3pk [so_bazic]; JohnsonSoap-Pink-6Pk-75g [so_bazic]
JohnsonSoap-PinkBlossom,Other (IP),Personal Care,Johnson's Baby Soap Blossoms,,,,JohnsonSoap-Pink-3pk [so_bazic]
JohnsonSoap-White,Other (IP),Personal Care,Johnson's Baby Soap Regular,,,,JohnsonSoap-White-12pk [so_bazic]; JohnsonSoap-White-3pk [so_bazic]; JohnsonSoap-White-6pk [so_bazic]
JohnsonSoap-WhiteOriginal,Other (IP),Personal Care,Johnson's Baby Soap Regular,,,,JohnsonSoap-White-3pk [so_bazic]
JohnsonsBabyOil-AloeVera,Other (IP),Personal Care,Johnson's Baby Oil Aloe Vera,,,,Johnson-Oil-Aloe-300ml-1pk-rev1 [so_bazic]
Kiwi-BootCleaner,Other (IP),Household,Kiwi Boot Cleaner,,,,Kiwi-Boot-Cleaner-4oz-2-Pack [so_bazic]
Kiwi-InstantWaxShineBrown,Other (IP),Household,Kiwi Instant Wax Shine Brown,,,,Kiwi-Instant-Wax-Shine-Brown-2.5-oz-1pk [so_bazic]; Kiwi-Instant-Wax-Shine-Brown-2.5-oz-2pk [so_bazic]; Kiwi-Instant-Wax-Shine-Brown-2.5-oz-3pk [so_bazic]
Kiwi-ShoeStretchSpray,Other (IP),Household,Kiwi Shoe Stretch Spray,,,,Shoe-Stretch-Spray-7oz-2-Pack [so_bazic]; Shoe-Stretch-Spray-7oz-3-Pack [so_bazic]
KiwiShoeLaces-RoundBrown,Other (IP),Other Merch,Kiwi Shoe Laces Round Brown,,,,Kiwi-Outdoor-Shoe-Laces-Round-Brown-72-inches-1pk [so_bazic]
LargeMagnets-FBA.,Other (IP),Household,Magnetic Dry Erase Labels,LargeMagnets-FBA.,,,
LemonStrawButter-8oz-1PK,Other (IP),Swedish Candy,Sour Lemon Strawberry,LemonStrawButter-8oz-1PK,,LemonStrawButter-8oz-1PK,LemonStrawButter-8oz-1PK
LemonStrawButter-8oz-1PK-rev1,TwistedTreatz,Swedish Candy,Sour Lemon Strawberry,LemonStrawButter-8oz-1PK-rev1,,,(blank)
LemonStrawButter-8oz-2PK,,Swedish Candy,Sour Lemon Strawberry,LemonStrawButter-8oz-2PK,,,
Lighter-Neon,Other (IP),Lighters,Disposable Neon,,,,NeonLighter-3pk [so_bazic]; NeonLighter-4pk [so_bazic]
Lollipops-Assorted,TwistedTreatz,Lollipops,Assorted,,,,(blank)
LotusCrunchDelight-Biscoff,TwistedTreatz,Lotus Crunch Delight,Biscoff,,(blank),,
Mamba-Berry,Other (IP),Mamba,Berry,,,Mamba-Berry-3.52oz; Mamba-Berry-3.52oz-1pk,
Mamba-Fruit,Other (IP),Mamba,Fruit,,,(blank); Mamba-Yellow-3.52oz; Mamba-Yellw-3.52oz-1pk,
Mamba-Tropic,Other (IP),Mamba,Tropic,,,(blank); Mamba-Blue-3.52oz; Mamba-Blue-3.52oz-1pk,
Mamba-Tropics,Other (IP),Mamba,Tropic,,,,(blank); Mamba-Blue-3.52oz-1pk-rev1
Matches-DecorativeWooden,Other (IP),Matches,Decorative Wooden,,,,(blank)
Mentos-Fruit,Other (IP),Mentos,Fruit,,(blank),,(blank); Mentos-Fruit-1Pk; Mentos-Fruit-3Pk
Mentos-Fruit4.76oz-1pk,Other (IP),Mentos,Fruit,Mentos-Fruit4.76oz-1pk,,Mentos-Fruit4.76oz-1pk; MentosFruit-Roll-3PK,Mentos-Fruit4.76oz-1pk
Mentos-FruitMint,Other (IP),Mentos,Assorted,,,IP921-1ct-VP,
Mentos-Mint4.76oz-1pk,Other (IP),Mentos,Mint,Mentos-Mint4.76oz-1pk,,Mentos-Mint4.76oz-1pk,Mentos-Mint4.76oz-1pk
Mentos-Mint4.76oz-1pk-rev1,Other (IP),Mentos,Mint,Mentos-Mint4.76oz-1pk-rev1,(blank),(blank); MentosMint-Jar-1ct,(blank); Mentos-Delight-4.76oz-1pk; Mentos-Mint4.76oz-1pk.-rev1; Mentos-Mint4.76oz-3pk-rev1; MentosMint-Jar-1ct
Mentos-Rainbow,Other (IP),Mentos,Rainbow,,,IP1012-1ct,
MentosMint-Jar-1ct-rev1,Other (IP),Mentos,Mint,MentosMint-Jar-1ct-rev1,,,
MentosMint-Jar-1ct-rev2,Other (IP),Mentos,Mint,MentosMint-Jar-1ct-rev2,(blank),,(blank); MentosMint-Jar-2ct
MethanolBlue-12pk,Other (IP),Household,Methanol Cooking Fuel,MethanolBlue-12pk,,,
MilitaryHeroGummies,TwistedTreatz,Military Hero Gummies,Assorted,,,,(blank)
MilkChoc-16oz...,TwistedTreatz,Dubai Chocolate,Milk Chocolate,MilkChoc-16oz...,,(blank); MilkChoc-16oz..,
MilkChoc-8oz..,TwistedTreatz,Dubai Chocolate,Milk Chocolate,MilkChoc-8oz..,(blank),MilkChoc-8oz..,(blank); MilkChoc-8oz-1pk
MilkToffee-Coffee,TwistedTreatz,Milk Toffee,Coffee,,,,(blank)
MintBalls-Peppermint,TwistedTreatz,Hard Candy,Peppermint,,,,(blank)
Mix-Bubs-16oz.,Other (IP),BUBS,Assorted,Mix-Bubs-16oz.,,(blank); Mix-Bubs-16oz,(blank)
Mix-Bubs-8oz,Other (IP),BUBS,Assorted,Mix-Bubs-8oz,(blank),Mix-Bubs-8oz,(blank); Mix-Bubs-8oz-2pk-rev1
Mix-Bubs-8oz.,Other (IP),BUBS,Assorted,Mix-Bubs-8oz.,,(blank),(blank); Mix-Bubs-8oz-1pk
MixedNuts-RoastedSalted,TwistedTreatz,Mixed Nuts,Roasted Salted,,,(blank),(blank); Del-SalRoast-MixNuts-8oz-1pk
Nescafe-1.76oz-2pk,Other (IP),Nescafe,Dolca,Nescafe-1.76oz-2pk,,,(blank)
OZ-0DIP-4T92,,Household,EcoFlare Glass Ashtray,OZ-0DIP-4T92,,,
OralB-CrossActionToothbrush,Other (IP),Personal Care,Oral-B Cross Action Toothbrush,,,,OralB-Toothbrsh-3ct-2pk [so_bazic]; OralB-Toothbrsh-3ct-3pk [so_bazic]; OralB-Toothbrush-6Pk [so_bazic]
Original-MilkToffee-16oz,TwistedTreatz,Milk Toffee,Original,Original-MilkToffee-16oz,,Original-MilkToffee-16oz,
Original-MilkToffee-9oz,TwistedTreatz,Milk Toffee,Original,Original-MilkToffee-9oz,,Original-MilkToffee-9oz,
P2-0V9F-N1JQ,,Household,EcoFlare Glass Ashtray,P2-0V9F-N1JQ,,,
PROV-039ec28c,Other (IP),Pringles,Original,,(blank),,
PROV-174aefb1,,Starburst Gummies,Original,,(blank),,
PROV-1803048b,,Other Merch,Original,,,,(blank) [so_bazic]
PROV-25ab9027,TwistedTreatz,Valentine Gummies,Assorted,,(blank),,
PROV-5957fd97,,Other Merch,Original,,,,(blank) [so_bazic]
PROV-603c5832,,Gushers,Assorted,,(blank),,
PROV-6183219a,TwistedTreatz,Hard Candy,Assorted,,(blank),,
PROV-655d52fc,Other (IP),Werther's,Assorted,,(blank),,
PROV-67aa9247,TwistedTreatz,Gummy Bears,Assorted,,(blank),,
PROV-74329b7b,,Other Merch,Original,,,,(blank) [so_bazic]
PROV-794d638b,,Chocolate Bark,Pistachio,,(blank),,
PROV-7a5e6b51,TwistedTreatz,Gummy Bears,Assorted,,(blank),,
PROV-7a8671a9,,Dipping Powder,Assorted,,(blank),,
PROV-7c708903,Other (IP),Vidal Gummi Drops,Assorted,,(blank),,
PROV-7e63ac72,TwistedTreatz,Gummy Bears,Assorted,,(blank),,
PROV-83b7f4eb,Other (IP),Werther's,Assorted,,(blank),,
PROV-93796e5b,,Other Merch,Original,,,,(blank) [so_bazic]
PROV-95d912bc,Other (IP),Mamba,Assorted,,(blank),,
PROV-982a6e6f,TwistedTreatz,Gushers,Assorted,,(blank),,
PROV-a76f352d,,Other Merch,Original,,,,(blank) [so_bazic]
PROV-b4f144ba,Other (IP),Smarties,Assorted,,(blank),,
PROV-c258cf27,Other (IP),Haribo,Assorted,,(blank),,
PROV-cb74e88e,,Other Merch,Original,,,,(blank) [so_bazic]
PROV-d9ef434b,,Other Merch,Original,,,,(blank) [so_bazic]
PROV-e83297f3,Other (IP),Jelly Belly,Assorted,,(blank),,
PROV-fd8d90ec,TwistedTreatz,Valentine Gummies,Assorted,,(blank),,
PacifierCandy-Assorted,TwistedTreatz,Pacifier Candy,Assorted,,,(blank),
PeaceGummiBears-Fruity,TwistedTreatz,Peace Gummy Bears,Assorted,,,(blank); Peace-Bear-8oz-1PK,
PeaceGummyBears-Assorted,TwistedTreatz,Peace Gummy Bears,Assorted,,(blank),,(blank); GummyBear-Peace-7oz-1PK; GummyBear-Peace-7oz-2PK
PeanutBrittle,TwistedTreatz,Peanut Brittle,Original,,(blank),(blank); PeanutBrittle-1lb-1pk; PeanutBrittle-2.25lb-Jar-1pk; PeanutBrittle-2lb-1pk; PeanutBrittle-4oz-1pk; PeanutBrittle-8oz-1pk,(blank); PeanutBrittle-4oz-4pk [h_town]; PeanutBrittle-4oz-4pk [so_bazic]; PeanutBrittle-8oz-2pk [h_town]
PeanutBrittle-16oz,Other (IP),Peanut Brittle,Original,PeanutBrittle-16oz,,,
PeanutBrittle-16oz-rev1,Other (IP),Peanut Brittle,Original,PeanutBrittle-16oz-rev1,,,
PeanutBrittle-2.25lbJar,Other (IP),Peanut Brittle,Original,PeanutBrittle-2.25lbJar,,,
PeanutBrittle-4oz..,TwistedTreatz,Peanut Brittle,Original,PeanutBrittle-4oz..,(blank),,(blank); PeanutBrittle-4oz; PeanutBrittle-4oz [h_town]; PeanutBrittle-4oz [so_bazic]; PeanutBrittle-4oz-rev1; PeanutBrittle-8oz
PeanutBrittle-8oz-rev1,Other (IP),Peanut Brittle,Original,PeanutBrittle-8oz-rev1,,,
Peanuts-HoneyRoasted,TwistedTreatz,Peanuts,Honey Roasted,,,(blank); HonRoasted-Peanuts-8oz-1pk,
Pecans-RoastedSalted,TwistedTreatz,Pecans,Roasted Salted,,,(blank),
PectinGummyCubes-Assorted,TwistedTreatz,Pectin Gummy Cubes,Assorted,,(blank),(blank); PectinCubes-11.5oz-Jar,(blank)
Penguin-ShoePolishBrown,Other (IP),Household,Penguin Shoe Polish Brown,,,,Penguin-Liquid-Shoe-Polish-Brown-2.54-oz-(1pk) [so_bazic]; Penguin-Liquid-Shoe-Polish-Brown-2.54-oz-2pk [so_bazic]
PeppermintPuffs,TwistedTreatz,Peppermint Puffs,Peppermint,,,(blank),(blank)
PeppermintTwist-Mint,TwistedTreatz,Peppermint Twists,Peppermint,,,,(blank)
Pine-PassionAlien-8oz-1PK,Other (IP),Swedish Candy,Pineapple Passionfruit Aliens,Pine-PassionAlien-8oz-1PK,,Pine-PassionAlien-8oz-1PK,Pine-PassionAlien-8oz-1PK
Pine-PassionAlien-8oz-1PK-rev1,TwistedTreatz,Swedish Candy,Pineapple Passionfruit Aliens,Pine-PassionAlien-8oz-1PK-rev1,,,(blank)
Pine-PassionAlien-8oz-2PK,Other (IP),Swedish Candy,Pineapple Passionfruit Aliens,Pine-PassionAlien-8oz-2PK,,Pine-PassionAlien-8oz-2PK,Pine-PassionAlien-8oz-2PK
Pink-Zote-200g-25pk,Other (IP),Household,Zote Rosa Laundry Soap,Pink-Zote-200g-25pk,,,
PinkFlamingoGummies-Fruity,TwistedTreatz,Flamingo Gummies,Assorted,,,(blank),
Pistachio-Bark-Dark-8oz,TwistedTreatz,Chocolate Bark,Pistachio Dark Chocolate,Pistachio-Bark-Dark-8oz,,,(blank)
Pistachio-Bark-Milk-8oz,TwistedTreatz,Chocolate Bark,Pistachio Milk Chocolate,Pistachio-Bark-Milk-8oz,(blank),,(blank)
PotatoChip-DarkChoc-1lb,TwistedTreatz,Chocolate Bark,Potato Chip Dark Chocolate,PotatoChip-DarkChoc-1lb,,(blank),(blank); PotatoChip-MilkChoc-16oz; PotatoChip-MilkChoc-8oz-2pk
PotatoChip-DarkChoc-8oz,TwistedTreatz,Chocolate Bark,Potato Chip Dark Chocolate,PotatoChip-DarkChoc-8oz,,,
PotatoChip-MilkChoc-1lb,,Chocolate Bark,Potato Chip Milk Chocolate,PotatoChip-MilkChoc-1lb,,PotatoChip-MilkChoc-1lb,
PotatoChip-MilkChoc-1lb-rev1,TwistedTreatz,Chocolate Bark,Potato Chip Milk Chocolate,PotatoChip-MilkChoc-1lb-rev1,,(blank); FruityPebbleBark-16oz; PotatoChip-MilkChoc-16oz; SeaSalt-Almond-16oz,(blank)
PotatoChip-MilkChoc-8oz,TwistedTreatz,Chocolate Bark,Potato Chip Milk Chocolate,PotatoChip-MilkChoc-8oz,,,
PremiumHoodie-Black,Other (IP),Apparel,Premium Hoodie Black,,,,(blank) [so_bazic]; Black-Hoodie-2XL [so_bazic]; Black-Hoodie-L [so_bazic]; Black-Hoodie-M [so_bazic]; Black-Hoodie-S [so_bazic]; Black-Hoodie-XL [so_bazic]
PremiumHoodie-DarkGreen,Other (IP),Apparel,Premium Hoodie Dark Green,,,,(blank) [so_bazic]; Green-Hoodie-2XL [so_bazic]; Green-Hoodie-L [so_bazic]; Green-Hoodie-M [so_bazic]; Green-Hoodie-S [so_bazic]; Green-Hoodie-XL [so_bazic]
PremiumHoodie-HeatherGrey,Other (IP),Apparel,Premium Hoodie Heather Grey,,,,(blank) [so_bazic]; HGrey-Hoodie-2XL [so_bazic]; HGrey-Hoodie-L [so_bazic]; HGrey-Hoodie-M [so_bazic]; HGrey-Hoodie-S [so_bazic]; HGrey-Hoodie-XL [so_bazic]
PremiumHoodie-NavyBlue,Other (IP),Apparel,Premium Hoodie Navy Blue,,,,(blank) [so_bazic]; Hoodie-2PK-Navy-L [so_bazic]; Hoodie-2PK-Navy-M [so_bazic]; NavyBlue-Hoodie-2XL [so_bazic]; NavyBlue-Hoodie-L [so_bazic]; NavyBlue-Hoodie-M [so_bazic]; NavyBlue-Hoodie-S [so_bazic]; NavyBlue-Hoodie-XL [so_bazic]
PremiumHoodie-RoyalBlue,Other (IP),Apparel,Premium Hoodie Royal Blue,,,,(blank) [so_bazic]; RoyalBlue-Hoodie-2XL [so_bazic]; RoyalBlue-Hoodie-S [so_bazic]
Pringles-BBQ,Other (IP),Pringles,BBQ,,,,(blank)
PumiceStone-TerraCotta,Other (IP),Personal Care,Pumice Stone Terra Cotta,,,,Pumice-Stone-2 Pack [so_bazic]
Riyad-us-Salieeh-2Vol,Other (IP),Books,Riyad-us-Saliheen,Riyad-us-Salieeh-2Vol,,,
RubbingAlcohol-Clear,Other (IP),Personal Care,Rubbing Alcohol Clear,,,,Alcohol-3PK-CLEAR [so_bazic]
RubbingAlcohol-Wintergreen,Other (IP),Personal Care,Rubbing Alcohol Wintergreen,,,,Alcohol-3PK-Wintergreen [so_bazic]
SahihBukhari-9VOL.,TwistedTreatz,Books,Sahih Al-Bukhari,SahihBukhari-9VOL.,,,
SaltwaterTaffy-Assorted,TwistedTreatz,Saltwater Taffy,Assorted,,,,Taffy-Assorted-8oz-1pk-rev1 [h_town]
SeaSalt-Almond-8oz,TwistedTreatz,Chocolate Bark,Sea Salt Almond,SeaSalt-Almond-8oz,,SaltedAlmondMilkBark-8oz,
SeaSaltCaramelChews-1lb.,TwistedTreatz,Caramel Chews,Sea Salt,SeaSaltCaramelChews-1lb.,,SeaSaltCaramelChews-1lb,
SeaSaltCaramelChews-3lbJar,TwistedTreatz,Caramel Chews,Sea Salt,SeaSaltCaramelChews-3lbJar,,,
ShoeStretchSpray,Other (IP),Household,Shoe Stretch Spray,,,,Shoe-Stretch-Spray-7oz-3-Pack [so_bazic]
ShoeStretchSpray-Original,Other (IP),Household,Shoe Stretch Spray,,,,Shoe-Stretch-Spray-7oz-2-Pack [so_bazic]
Skittles-Original-7.2oz-1pk,Other (IP),Skittles,Original,Skittles-Original-7.2oz-1pk,,(blank); Skittles-Original-7.2oz-1pk; Skittles-Original-7.2oz-2pk; Skittles-Original-7.2oz-3pk; SkittlesOriginal-54ozJar,(blank)
SmallMagnets-FBA,Other (IP),Other Merch,Magnetic Dry Erase Labels,SmallMagnets-FBA,,Large-Magnets,(blank)
Smarties-Monies,Other (IP),Smarties,Monies,,,(blank),
Smarties-XtremeSour,Other (IP),Smarties,X-Treme Sour,,,(blank); SmartiesX-TremeSour-5oz-1PK; SmartiesX-TremeSour-5oz-3PK,(blank)
SnackMix-Firecracker,TwistedTreatz,Snack Mix,Firecracker,,,(blank),
SnackMix-FruitNutTrail,TwistedTreatz,Snack Mix,Fruit & Nut Trail,,,(blank),(blank); Dyno-Mix-8oz-1pk
SnackMix-HoneyNut,TwistedTreatz,Snack Mix,Honey Nut,,,(blank); Hon-CrunchMix-8oz-2pk,(blank); Hon-CrunchMix-8oz-1pk; Hon-CrunchMix-8oz-2pk
SnackMix-NutsSeedsRaisins,TwistedTreatz,Snack Mix,Nuts Seeds & Raisins,,,,(blank); Nuts&Seed-Mix-8oz-1pk; Nuts&Seed-Mix-8oz-2pk
SnackMix-SesameCrunch,TwistedTreatz,Snack Mix,Sesame Crunch,,,,(blank); Sal-SesameMix-8oz-1pk; Sal-SesameMix-8oz-2pk
SnackMix-SweetSaltyCranberry,TwistedTreatz,Snack Mix,Sweet & Salty Cranberry,,,,(blank); CountryClub-Mix-8oz-2pk
SnackMix-TropicalNutFruit,TwistedTreatz,Snack Mix,Tropical Nut & Fruit,,,Tahitian-NutFruitMix-8oz-2pk,
SnowflakeGummy-Assorted,TwistedTreatz,Snowflake Gummies,Assorted,,,,(blank)
SoBazicSoap-Peppermint,Other (IP),Personal Care,SoBazic Soap Peppermint,,,,Organic-Bar-Soap-4oz-(3pack)-Peppermint [so_bazic]
SonomaCandle-MahoganyVeil,Other (IP),Household,Sonoma Candle Mahogany Veil,,,,SonomaCandle-Mahogany-1pk [so_bazic]
SonomaCandle-SeasideBreeze,Other (IP),Household,Sonoma Candle Seaside Breeze,,,,SonomaCandle-SeasideBreeze-1pk [so_bazic]
SonomaCandle-WeekendGetaway,Other (IP),Household,Sonoma Candle Weekend Getaway,,,,SonomaCandle-WeekendGetaway-1pk [so_bazic]
SourBlue/StrawberryBears-8oz-1PK-rev1,Other (IP),Swedish Candy,Blueberry Strawberry Bears,SourBlue/StrawberryBears-8oz-1PK-rev1,,,
SourButtons-BlueRaspberry,TwistedTreatz,Sour Buttons,Blue Raspberry,,,(blank),
SourDrops-16oz,TwistedTreatz,Sour Drops,Assorted,SourDrops-16oz,,(blank); SourDrops-16oz,
SourDrops-8oz,TwistedTreatz,Sour Drops,Assorted,SourDrops-8oz,,(blank); Sour-Fruit-Drops-8oz-1-pk; Sour-Fruit-Drops-8oz-2-pk; SourDrops-16oz-2pk; SourDrops-32oz; SourDrops-32oz-4pk; SourDrops-8oz; SourDrops-8oz-1pk,(blank); SourDrops-52ozJar-1pk
SourFruitBalls-Assorted,TwistedTreatz,Sour Fruit Balls,Assorted,,,(blank),(blank)
SourGrapeSkulls-8oz-1PK,Other (IP),Swedish Candy,Grape Skulls,SourGrapeSkulls-8oz-1PK,,SourGrapeSkulls-8oz-1PK,SourGrapeSkulls-8oz-1PK
SourGrapeSkulls-8oz-1PK-rev1,Other (IP),Swedish Candy,Grape Skulls,SourGrapeSkulls-8oz-1PK-rev1,,,
SourGrapeSkulls-8oz-2PK,Other (IP),Swedish Candy,Grape Skulls,SourGrapeSkulls-8oz-2PK,,SourGrapeSkulls-8oz-2PK,SourGrapeSkulls-8oz-2PK
SourGushers-CottonCandy,TwistedTreatz,Gushers,Cotton Candy,,,,CottonCand-Gushers-4oz-1pk-rev1 [so_bazic]
SourMango-Bears-8oz-1PK-rev1,TwistedTreatz,Swedish Candy,Mango Bears,SourMango-Bears-8oz-1PK-rev1,,(blank); Assorted-8oz-1PK; Assorted-8oz-2PK; LemonStrawButter-8oz-2PK; SourBlue/StrawberryBears-8oz-1PK; SourBlue/StrawberryBears-8oz-2PK; SourMango-Bears-8oz-1PK; SourMango-Bears-8oz-2PK; StrawVanilla-Hearts-8oz-1PK; StrawVanilla-Hearts-8oz-2PK; SweetBanana-8oz-1PK; SweetBanana-8oz-2PK,(blank)
SourPunchBites-Assorted,Other (IP),Sour Punch,Assorted,,,,(blank)
SourVeganChews,TwistedTreatz,Vegan Sour Chews,Assorted,,(blank),(blank); SourVeganChews-8oz-1PK,(blank); SourVegan-Chews-4oz-1PK
SpiceDrops-Assorted,TwistedTreatz,Spice Drops,Assorted,,,,(blank); SpiceDrops-8oz-1pk
SpicyChocolate-Dark,TwistedTreatz,Chocolate Bars,Spicy Dark,,,,(blank)
StarburstGummies-AllPink,Other (IP),Starburst Gummies,All Pink,,,,(blank)
StarburstGummies-Sour,Other (IP),Starburst Gummies,Sour,,,,(blank)
StrawVanilla-Hearts-8oz-1PK-rev1,Other (IP),Swedish Candy,Strawberry Vanilla Hearts,StrawVanilla-Hearts-8oz-1PK-rev1,,,
Strawberry,,Gummy Bears,Strawberry,Strawberry,,,
Suavitel-AromaDeSol,Other (IP),Household,Suavitel Aroma De Sol,,,,Suavitel-Fresco Aroma-850ML [so_bazic]
Suavitel-Baby,Other (IP),Household,Suavitel Baby,,,,Suavitel-Baby-850ML [so_bazic]
Suavitel-FrescaPrimavera,Other (IP),Household,Suavitel Fresca Primavera,,,,(blank) [so_bazic]; Suavitel-Fresca Primavera-850ML [so_bazic]
SugarFree-Worms-8oz-1pk,TwistedTreatz,Gummy Worms (Sugar-Free),Assorted,SugarFree-Worms-8oz-1pk,,SugarFree-Worms-8oz-1pk,
SugarFree-Worms-8oz-1pk-rev1,TwistedTreatz,Gummy Worms (Sugar-Free),Assorted,SugarFree-Worms-8oz-1pk-rev1,,,
SugarFree-Worms-8oz-2pk,,Gummy Worms (Sugar-Free),Assorted,SugarFree-Worms-8oz-2pk,,,
SugarFree-Worms-8oz-2pk-rev1,TwistedTreatz,Gummy Worms (Sugar-Free),Assorted,SugarFree-Worms-8oz-2pk-rev1,,,
SugarFree-Worms-8oz-4pk,TwistedTreatz,Gummy Worms (Sugar-Free),Assorted,SugarFree-Worms-8oz-4pk,,,
SugarFree-Worms-8oz-4pk-rev1,TwistedTreatz,Gummy Worms (Sugar-Free),Assorted,SugarFree-Worms-8oz-4pk-rev1,,(blank); SugarFree-Worms-8oz-2pk,
Sunlite-Match-1pk,Other (IP),Matches,Sunlite Strike On Box,Sunlite-Match-1pk,,,
Sunlite-Match-3pk,Other (IP),Matches,Sunlite Strike On Box,Sunlite-Match-3pk,,,
Sweatpants-Black,Other (IP),Apparel,Sweatpants Black,,,,(blank) [so_bazic]
Sweatpants-CharcoalGrey,Other (IP),Apparel,Sweatpants Charcoal Grey,,,,(blank) [so_bazic]
Sweatpants-HeatherGrey,Other (IP),Apparel,Sweatpants Heather Grey,,,,(blank) [so_bazic]
Sweatpants-Navy,Other (IP),Apparel,Sweatpants Navy,,,,(blank) [so_bazic]
SwedishBubs-Mix-5.5oz-4pk,,BUBS,Assorted,SwedishBubs-Mix-5.5oz-4pk,,SwedishBubs-Mix-5.5oz-4pk,
SwedishBubs-Mix-5.5oz-4pk-rev1,Other (IP),BUBS,Assorted,SwedishBubs-Mix-5.5oz-4pk-rev1,,,
SwedishCandy-Assorted,TwistedTreatz,Swedish Candy,Assorted,,(blank),,(blank); Assorted-Swedish-8oz-1PK
SwedishCandy-BananaToffeeSkulls,TwistedTreatz,Swedish Candy,Banana Toffee Skulls,,,,(blank); SweetBanana-8oz-1PK
SwedishCandy-BlueberryStrawberryBears,TwistedTreatz,Swedish Candy,Blueberry Strawberry Bears,,,,(blank)
SwedishCandy-GrapeSkulls,TwistedTreatz,Swedish Candy,Grape Skulls,,,,(blank)
SwedishCandy-StrawberryVanillaHearts,TwistedTreatz,Swedish Candy,Strawberry Vanilla Hearts,,,,(blank); StrawVanilla-Hearts-8oz-1PK
SwedishCandy-WatermelonAliens,TwistedTreatz,Swedish Candy,Watermelon Aliens,,,,(blank)
SwedishFish-Berries,Other (IP),Swedish Fish,Berries,,(blank),(blank); Swedish-Fish-8oz-1-pk; Swedish-Fish-8oz-2-pk; Swedish-Fish-8oz-4-pk,(blank)
SweetBanana-8oz-1PK-rev1,Other (IP),Swedish Candy,Banana Toffee Skulls,SweetBanana-8oz-1PK-rev1,,,
SwirlyFish-Fruity,TwistedTreatz,Swirly Fish Gummies,Assorted,,,(blank),(blank)
TT-acid-baking-cooking-food,Other (IP),Baking Ingredients,Malic Acid Powder,,,,(blank)
TT-action-care-cleaning-medium,Other (IP),Personal Care,Oral-B 3-in-1 Action Medium,,(blank),,(blank); OralB-Toothbrush-6Pk [so_bazic]
TT-almonds-bite-crunchy-energy,TwistedTreatz,Almonds,Roasted Salted,,,,(blank)
TT-almonds-blend-brazil-cashews,TwistedTreatz,Mixed Nuts,Unsalted,,,,(blank); Nosalt-MixedNuts-8oz-1pk; Nosalt-MixedNuts-8oz-1pkNosalt-MixedNuts-8oz-2pk
TT-apple-caramel-caramels-center,Other (IP),Werther's,Caramel Apple,,(blank),(blank); IP926-3ct; Werthers-Apple-1pk,(blank)
TT-apple-gummi-gummies-orchard,TwistedTreatz,Gummy Mix,Apple Orchard,,(blank),(blank); AppleOrchard-8oz-1pk; AppleOrchard-8oz-2pk,(blank); AppleOrchard-8oz-1pk
TT-ariel-care-detergent-powder,Other (IP),Household,Ariel Powder Detergent,,(blank),,(blank)
TT-arts-black-crafts-everlast,Other (IP),Other Merch,Everlast Permanent Markers,,,IP951-100ct; IP951-50ct,
TT-back-bath-body-exfoliator,TwistedTreatz,Personal Care,Bath Loofah Sponge,,,IP936-1ct,(blank)
TT-banana-bananarama-crunchy-hard,TwistedTreatz,Bananarama,Banana,,,(blank); Bananarama-Candy-8oz-1-PK; Bananarama-Candy-8oz-2-pk; Bananarama-Candy-8oz-4-pk,(blank)
TT-banana-blend-cashew-chips,TwistedTreatz,Snack Mix,Tropical Crunch,,,(blank); Tropical-Crunch-8oz-1pk,(blank); Tropical-Crunch-8oz-1pk
TT-bananas-crazy-hard,TwistedTreatz,Hard Candy,Crazy Bananas,,,BananaRama-13oz-Jar,(blank)
TT-bank-chocolatey-coin-filled,Other (IP),Tootsie Roll,Original,,(blank),TootsieRolls-5.7oz-1Pk,(blank); TootsieRolls-5.7oz-1Pk
TT-based-bites-cubes-pectin,TwistedTreatz,Pectin Gummy Cubes,Assorted,,,Sanded-Pectin-Cubes-8oz-2-pk-Assorted,(blank); PectinCubes-Asstd-8oz-2pk
TT-bears-burst-gummy-parties,TwistedTreatz,Gummy Bears,Assorted,,(blank),(blank); Assorted-Bear-16oz-1PK; Assorted-Bear-16oz-2PK; Assorted-Bear-16oz-5PK; Assorted-Bear-8oz; Assorted-Bears-1lb-1PK; Assorted-Bears-1lb-5PK; Assorted-Bears-8oz; Blue-Bear-16oz-1PK; Blue-Bear-16oz-2PK; Cherry-Bear-16oz-1PK; Cherry-Bear-16oz-5PK; Fruity-Bears-8oz-1PK; Fruity-Bears-8oz-2PK; Fruity-Bears-8oz-4PK; Grape-Bear-16oz-1PK; Grape-Bear-16oz-2PK; GummyBear-Assorted-15oz-Jar; GummyBear-BlueRaspberry-15oz-Jar; GummyBear-Grape-15oz-Jar; GummyBear-Mango-15oz-Jar; GummyBear-Orange-15oz-Jar; GummyBear-Pineapple-15oz-Jar; GummyBear-Strawberry-15oz-Jar; GummyBear-Variety-8oz-4pk; GummyBear-Watermelon-15oz-Jar; GummyBear-WildCherry-15oz-Jar; LtBluLtBlueWater-Bear-16oz-2PK; LtBlueWater-Bear-16oz-1PK; Mango-Bear-16oz-1PK; Orange-Bear-16oz-1PK; Pine-Bear-16oz-1PK; Pine-Bear-16oz-2PK; PinkGrape-Bear-16oz-2PK; Strawberry-Bear-16oz-1PK; Strawberry-Bear-16oz-2PK,(blank); Bear-Assorted-15oz-Jar-1pk; Bear-Assorted-15oz-Jar-2pk; Bear-Blue-15oz-Jar-2pk; Bear-Cherry-15oz-Jar-2pk; Bear-Grape-15oz-Jar-2pk; Bear-Grapefruit-15oz-Jar-2pk; Bear-Green-15oz-Jar-2pk; Bear-Pineapple-15oz-Jar-2pk; Bear-Strawberry-15oz-Jar-2pk; Gummy-Bears-Assorted-1lb-1PK; Gummy-Bears-Blue-Raspberry-1lb-1PK; Gummy-Bears-Grape-1lb-1PK; Gummy-Bears-Light-Blue-Water-1lb-1PK; Gummy-Bears-Mango-1lb-1PK; Gummy-Bears-Pineapple-1lb-1PK; Gummy-Bears-Strawberry-1lb-1PK; GummyBear-Fruity-10oz-1PK; GummyBear-Fruity-10oz-2PK; GummyBear-Pineapple-8oz-1pk [so_bazic]; GummyBear-Variety-8oz-4pk
TT-bears-chamoy-gummy-spicy,TwistedTreatz,Gummy Bears,Spicy Chamoy,,(blank),(blank); SpicyGummyBears-1lb; SpicyGummyBears-8oz; SpicyGummyBears-8oz-1PK; SpicyGummyBears-8oz-2PK,(blank)
TT-belts-ropes-snacking-tangy,TwistedTreatz,Sour Belts,Assorted,,(blank),(blank); Sour-Ropes-Belts-8oz-1PK-Blue Raspberry; Sour-Ropes-Belts-8oz-1PK-Cotton Candy; Sour-Ropes-Belts-8oz-1PK-Green Apple; Sour-Ropes-Belts-8oz-1PK-Pink Lemonade; Sour-Ropes-Belts-8oz-1PK-Rainbow; Sour-Ropes-Belts-8oz-1PK-Raspberry Cherry; Sour-Ropes-Belts-8oz-1PK-Strawberry; Sour-Ropes-Belts-8oz-1PK-Strawberry Banana; Sour-Ropes-Belts-8oz-1PK-Watermelon; Sour-Ropes-Belts-8oz-1PK-Wild Cherry; Sour-Ropes-Belts-8oz-2PK-Blue RaspberryBlue Raspbe; Sour-Ropes-Belts-8oz-2PK-Cotton Candy; Sour-Ropes-Belts-8oz-2PK-Green Apple; Sour-Ropes-Belts-8oz-2PK-Mango; Sour-Ropes-Belts-8oz-2PK-Pink Lemonade; Sour-Ropes-Belts-8oz-2PK-Rainbow; Sour-Ropes-Belts-8oz-2PK-Raspberry Cherry; Sour-Ropes-Belts-8oz-4PK-Watermelon,(blank)
TT-berries-colorful-gummi-irresistibly,TwistedTreatz,Gummi Berries,Assorted,,(blank),,(blank)
TT-berrytasty-chews-different-mamba,Other (IP),Mamba,Assorted,,(blank),(blank); 3pk-BlueMamba3.52oz; Mamba-Assorted-7.5oz-3PK,(blank); Mamba-Berry-3.52oz-1pk; Mamba-Blue-3.52oz-1pk; Mamba-Yellow-3.52oz-1pk
TT-bite-bold-cajun-coated,TwistedTreatz,Peanuts,Cajun Spicy,,,(blank); SpicyPeanuts-8oz-2pk,SpicyPeanuts-8oz-2pk
TT-bite-bold-coated-crispy,TwistedTreatz,Wasabi Peas,Original,,,Wasabi-Peas-8oz-1pk,(blank)
TT-bite-bold-crunchy-peanuts,TwistedTreatz,Peanuts,Spanish Roasted Salted,,,,(blank)
TT-bite-coated-cream-crunch,TwistedTreatz,Yogurt Pretzels,Original,,,(blank),(blank)
TT-bite-crisp-crunchy-golden,TwistedTreatz,Sesame Sticks,Honey,,,(blank); Hon-SesameSticks-8oz-1pk; Hon-SesameSticks-8oz-2pk,(blank)
TT-bite-crunchy-energy-fat,TwistedTreatz,Walnuts,Roasted Salted,,,Sal-Walnut-Halves-8oz-1pk,(blank)
TT-bite-skittle-skittles-sours,Other (IP),Skittles,Sours,,,(blank); Skittles-Sour-5.7oz-1pk; Skittles-Sour-5.7oz-2pk,
TT-bites-butter-coated-crispy,TwistedTreatz,Peanuts,Butter Toasted,,,(blank); Butter-ToastPeanuts-8oz-1pk,(blank)
TT-blend-cashew-cashews-crunchy,TwistedTreatz,Cashews,Honey Roasted,,,(blank); HonRoasted-Cashews-8oz-1pk; HonRoasted-Cashews-8oz-2pk,(blank); HonRoasted-Cashews-8oz-1pk
TT-blend-cranberry-crunchy-healthy,TwistedTreatz,Snack Mix,Raisin & Cranberry Nut,,,RaisinCranMix-8oz-2pk,(blank)
TT-blend-crunch-nuts-savory,TwistedTreatz,Snack Mix,Spicy Crunch,,,Oriental-Treats-8oz-2pk,(blank); Oriental-Treats-8oz-1pk; Oriental-Treats-8oz-2pk
TT-blend-crunchy-dried-energy,TwistedTreatz,Snack Mix,Tropical Dried Fruit,,,(blank); FruitSnack-Mix-8oz-1pk; FruitSnack-Mix-8oz-2pk,(blank); FruitSnack-Mix-8oz-1pk
TT-blue-exotic-gooey-gummies,TwistedTreatz,Gushers,Sour Blue Raspberry,,(blank),(blank); GooeyGumm-Blue-20oz; GooeyGumm-Blue-9oz; GooeyGushers-Blue-20oz; GooeyGushers-Blue-9oz; GooeyGushers-Blue-Powd-20oz; GooeyGushers-Blue-Powd-9oz; GooeyGushers-Cherry-20oz; GooeyGushers-Cherry-9oz; GooeyGushers-Cherry-Powd-20oz; GooeyGushers-Cherry-Powd-9oz; GooeyGushers-SourBlue-20oz; GooeyGushers-SourBlue-9oz; GooeyGushers-SourCherry-20oz; GooeyGushers-SourCherry-9oz; GooeyGushers-SourGApple-20oz; GooeyGushers-SourWater-20oz; GooeyGushers-SourWater-9oz; GooeyGushers-SweetBlue-20oz; GooeyGushers-SweetBlue-9oz; GooeyGushers-SweetCherry-20oz; GooeyGushers-SweetCherry-9oz; GooeyGushers-SweetWater-20oz; GooeyGushers-SweetWater-9oz; GooeyGushers-Water-Powd-9oz; GooeyGushers-Water-Water-9oz,(blank); GooeyGumm-Blue-20oz; GooeyGumm-Blue-9oz; GooeyGumm-Cher-20oz; GooeyGumm-Cher-9oz; GooeyGumm-GrnApp-9oz; GooeyGushers-SourBlue-20oz; GooeyGushers-SourBlue-20oz-rev1; GooeyGushers-SourBlue-9oz; GooeyGushers-SourBlue-9oz-rev1
TT-boards-buttons-flavour-gummy,TwistedTreatz,Sour Buttons,Assorted,,(blank),(blank); Asstd-SourButtons-8oz-1pk; Asstd-SourButtons-8oz-2pk,(blank); Asstd-SourButtons-8oz-1pk
TT-bonbon-cherry-claey-drops,Other (IP),Claey's,Wild Cherry,,,(blank); ClaeyDrops-Cherry-8oz-1Pk; ClaeyDrops-Cherry-8oz-2Pk,
TT-bonbon-gummy-pineapple-rings,TwistedTreatz,Gummy Rings,Pineapple,,(blank),(blank); GummyRing-PineApple-8oz-1PK; GummyRing-PineApple-8oz-2PK,(blank); GummyRings-Pineapp-8oz-1pk
TT-bottles-filled-liquid-retro,TwistedTreatz,Wax Bottles,Assorted,,(blank),,(blank); CandyWax-Bottles-8oz-1PK; CandyWax-Bottles-8oz-2PK; CandyWax-Bottles-8oz-4PK; WaxBottles-8oz-1PK; WaxBottles-8oz-2PK
TT-breakfast-pastries-toaster,Other (IP),Toaster Pastries,Assorted,,,,(blank)
TT-butter-creamy-hard-toffee,TwistedTreatz,Butter Toffee,Original,,,(blank),(blank)
TT-butterflies-colorful-gummi-large,TwistedTreatz,Gummi Butterflies,Assorted,,,(blank); ButterfliesGummyLarge-8oz-2PK; ButterfliesGummyLarge-8oz-4PK,(blank)
TT-buttery-caramel-chews-coconut,TwistedTreatz,Caramel Chews,Coconut,,,,(blank); CaramelCoconutChews-8oz-1pk [h_town]; CaramelCoconutChews-8oz-2pk [h_town]
TT-buttery-caramel-chews-vanilla,TwistedTreatz,Caramel Chews,Vanilla,,(blank),(blank); CaramelChews-1lb-2Pk,(blank); AssortedCaramelChews-1lb; AssortedCaramelChews-8oz-1pk; AssortedCaramelChews-8oz-2pk; Caramel-Apple-8oz-1pk [h_town]; Caramel-Apple-8oz-1pk [so_bazic]; Caramel-Apple-8oz-2pk [so_bazic]; Caramel-Assorted-8oz-1pk [h_town]; Caramel-Assorted-8oz-1pk [so_bazic]; Caramel-Assorted-8oz-2pk [so_bazic]; Caramel-Orginal-8oz-1pk [h_town]; Caramel-Orginal-8oz-1pk [so_bazic]; Caramel-Orginal-8oz-2pk [so_bazic]; CaramelApple-8oz-1Pk [candy_pantry]; CaramelApple-8oz-2Pk [candy_pantry]; CaramelAppleChews-8oz-1pk; CaramelAppleChews-8oz-2pk; CaramelAssorted-8oz-1Pk [candy_pantry]; CaramelAssorted-8oz-2Pk [candy_pantry]; CaramelAssorted-8oz-2Pk [h_town]; CaramelChews-1lb; CaramelChews-8oz-1pk; CaramelCoconutChews-1lb; CaramelCoconutChews-8oz-1pk; CaramelOriginal-8oz-1pk [candy_pantry]; CaramelOriginal-8oz-2pk [candy_pantry]; SeaSaltCaramelChews-1lb; SeaSaltCaramelChews-8oz-1pk; SeaSaltCaramelChews-8oz-2pk
TT-caramel-chocolate-patriotic,TwistedTreatz,Caramel Chews,Patriotic Chocolate,,,,(blank)
TT-caramel-chocolate-riesen,Other (IP),Riesen,Original,,(blank),,(blank)
TT-caramel-creamy-filled-hard,Other (IP),Werther's,Creamy Caramel,,,(blank); IP924-1ct; Werthers-Cream Cara-1PK,
TT-center-delight-filled-hard,TwistedTreatz,Delight Hard Candy,Strawberry,,,(blank); StrawberryDelight-8oz-2pk,(blank)
TT-chamoy-gummies-gummy-mango,TwistedTreatz,Gummy Mix,Spicy Chamoy Mango,,,(blank); Chamoy-PeachRings-4oz; SpicyMango-8oz-2PK,(blank)
TT-chamoy-gusano-kit-lucas,TwistedTreatz,Bundles,Chamoy Pickle Kit,,(blank),(blank); ChamoyPickleKit-12ct,(blank); ChamoyPickleKit-12ct; ChamoyPickleKit-12ct [so_bazic]
TT-chamoy-gushers-mexican-skittles,TwistedTreatz,Chamoy Candy,Tajin,,(blank),(blank); Chamoy-Skittles-8oz-1pk; ChamoyGusher-8oz-1PK; ChamoyGusher-8oz-2PK; IP124-8oz,(blank); Chamoy-Skittles-8oz-1pk; ChamoyGushers-4oz-1PK; ChamoyGushers-8oz-1PK
TT-cherry-day-desserts-gifts,TwistedTreatz,Valentine Gummies,Cherry Jelly Hearts,,(blank),(blank); CherryHearts-Candy-8oz-2PK,(blank); HeartJelly-Cherry-8oz-1PK
TT-christmas-cinnamon-colored-drops,TwistedTreatz,Spice Drops,Cinnamon & Spearmint,,,Christ-SpiceDrops-8oz-1Pk; Christ-SpiceDrops-8oz-2Pk; Christmas-Spice-Drops-8oz-2-pk,(blank)
TT-christmas-gingerbread-gummies-gummy,TwistedTreatz,Gummy Mix,Gingerbread,,,JollyGingerbread-8oz-1PK,
TT-coffee-delight-filled-hard,TwistedTreatz,Delight Hard Candy,Coffee,,,(blank),(blank)
TT-corn-day-gifts-pink,TwistedTreatz,Candy Corn,Valentine,,,(blank),(blank)
TT-cream-gummy-juicy-strawberry,TwistedTreatz,Gummy Mix,Strawberry & Cream,,(blank),,(blank); StrawCreamGummy-8oz-1pk
TT-crispy-easily-light-melts,TwistedTreatz,Milk Toffee,Original,,(blank),(blank); Coffee-MilkToffee-16oz; Coffee-MilkToffee-9oz,(blank); Original-MilkToffee-16oz-1pk
TT-delight-dragees-mentos-pouch,Other (IP),Mentos,Fruit Delight,,(blank),(blank); Mentos-FruitDelight-125g-1PK; Mentos-FruitDelight-125g-3PK,(blank); Mentos-Delight-1pk
TT-easter-marshmallow-parties-peeps,Other (IP),Peeps,Original,,(blank),(blank); Peeps-GreenMonst-6Pk; Peeps-OrangePump-6Pk; Peeps-WhiteGhosts-3Pk; Peeps-WhiteGhosts-6Pk; Peeps-WhiteSkulls-3Pk; Peeps-WhiteSkulls-6Pk,(blank); Peeps-GreenMonst-3ct; Peeps-OrangePump-3ct; Peeps-WhiteGhosts-3ct; Peeps-WhiteSkulls-3ct; Peeps-WhiteSkulls-6ct
TT-fall-gummy-halloween-lantern,TwistedTreatz,Gummy Mix,Halloween Pumpkins,,(blank),(blank); Pumpkins-8oz-2PK,(blank)
TT-flower-power-shaped,TwistedTreatz,Flower Power Candy,Assorted,,(blank),Flower-Power-Flower-8oz-2-pk; Flower-Power-Flower-8oz-4-pk,(blank)
TT-fun-gummy-lobster-red,TwistedTreatz,Lobster Gummies,Assorted,,,(blank),(blank); Lobster-Gummy-8oz-2pk
TT-ginger-hard-spicy,TwistedTreatz,Ginger Candy,Original,,,(blank),(blank)
TT-gummi-gummies-halloween-spooktacular,TwistedTreatz,Gummy Mix,Halloween,,,(blank),
TT-gummi-ice-pops-sherbet,TwistedTreatz,Gummi Ice Pops,Sherbet,,(blank),(blank); Sherbet-Gummy-8oz-1Pk; Sherbet-Gummy-8oz-2Pk,(blank); Sherbet-Gummy-8oz-1Pk; Sherbet-Gummy-8oz-2Pk
TT-gushers-strawberry-tropical,Other (IP),Fruit Gushers,Strawberry & Tropical,,,Gushers-42ct-33.6oz,(blank); Gushers-42ct-33.6oz
TT-hard-starlight-swirl,TwistedTreatz,Starlight Candy,Fruit,,,,(blank)
TT-jelly-socially,TwistedTreatz,Fruit Jelly Candy,Assorted,,(blank),(blank); Assorted-Vidal-FruitJelly-1pk; Assorted-Vidal-FruitJelly-2pk,(blank); Assorted-Vidal-FruitJelly-1pk
TT-lucy-vinegar-white,Other (IP),Household,Lucy's White Vinegar,,(blank),,(blank); Lucy-Vinegar32oz-1pk; Lucy-Vinegar32oz-2pk; Lucy-Vinegar32oz-3pk
Taffy-Assorted,TwistedTreatz,Saltwater Taffy,Assorted,,,(blank),(blank); Taffy-Assorted-8oz-1pk [candy_pantry]; Taffy-Assorted-8oz-1pk [so_bazic]; Taffy-Assorted-8oz-1pk [sweetshoppe]; Taffy-Assorted-8oz-1pk-rev1 [so_bazic]; Taffy-Assorted-8oz-1pk-rev1 [sweetshoppe]
Taffy-Banana,TwistedTreatz,Saltwater Taffy,Banana,,,,(blank); Taffy-Banana-8oz-1pk [so_bazic]
Taffy-BlackberryCrumble,TwistedTreatz,Saltwater Taffy,Blackberry Crumble,,,,(blank); Taffy-Blackberry-8oz-1pk [so_bazic]
Taffy-Butterscotch,TwistedTreatz,Saltwater Taffy,Butterscotch,,,,(blank); Taffy-Butterscotch-8oz-1pk [candy_pantry]; Taffy-Butterscotch-8oz-1pk [so_bazic]
Taffy-CaramelMocha,TwistedTreatz,Saltwater Taffy,Caramel Mocha,,,,(blank); Taffy-CaramelMocha-8oz-1pk [so_bazic]
Taffy-CaramelSwirls,TwistedTreatz,Saltwater Taffy,Caramel Swirls,,,,(blank); Taffy-Caramel-8oz-1pk [candy_pantry]; Taffy-Caramel-8oz-1pk [so_bazic]; Taffy-Caramel-8oz-1pk [sweetshoppe]
Taffy-ChiliMango,TwistedTreatz,Saltwater Taffy,Chili Mango,,,,(blank); Taffy-ChiliMango-8oz-1pk [candy_pantry]
Taffy-ChocCaramelSeaSalt,TwistedTreatz,Saltwater Taffy,Chocolate Caramel Sea Salt,,,,(blank); Taffy-ChocCaramel-8oz-1pk [so_bazic]
Taffy-Chocolate,TwistedTreatz,Saltwater Taffy,Chocolate,,,(blank),(blank); Taffy-Choco-8oz-1pk [so_bazic]
Taffy-CinnamonRoll,TwistedTreatz,Saltwater Taffy,Cinnamon Roll,,,,(blank); Taffy-Cinnamon-8oz-1pk [candy_pantry]; Taffy-Cinnamon-8oz-1pk [so_bazic]
Taffy-CoconutCream,TwistedTreatz,Saltwater Taffy,Coconut Cream,,,,(blank); Taffy-Coconut-8oz-1pk [so_bazic]
Taffy-CookiesCream,TwistedTreatz,Saltwater Taffy,Cookies & Cream,,,,(blank); Taffy-CookiesnCream-8oz-1pk [candy_pantry]
Taffy-CottonCandy,TwistedTreatz,Saltwater Taffy,Cotton Candy,,,(blank),(blank); Taffy-CottonCan-8oz-1pk [candy_pantry]; Taffy-CottonCan-8oz-1pk [so_bazic]
Taffy-Honey-8oz-2pk,TwistedTreatz,Saltwater Taffy,Honey,Taffy-Honey-8oz-2pk,,,(blank); Taffy-Honey-8oz-1pk [so_bazic]
Taffy-MapleBacon,TwistedTreatz,Saltwater Taffy,Maple Bacon,,,,(blank); Taffy-MapleBac-8oz-1pk [so_bazic]
Taffy-PBJ,TwistedTreatz,Saltwater Taffy,Peanut Butter & Jelly,,,,Taffy-PBnJ-8oz-1pk [so_bazic]
Taffy-PassionFruit,TwistedTreatz,Saltwater Taffy,Passion Fruit,,,(blank),(blank); Taffy-Passion-8oz-1pk [so_bazic]
Taffy-Peppermint,TwistedTreatz,Saltwater Taffy,Peppermint,,,,(blank); Taffy-Peppermint-8oz-1pk [so_bazic]; Taffy-Peppermint-8oz-1pk [sweetshoppe]
Taffy-Pickle,TwistedTreatz,Saltwater Taffy,Pickle,,,,(blank); Taffy-Pickle-8oz-1pk [so_bazic]
Taffy-PinaColada,TwistedTreatz,Saltwater Taffy,Pina Colada,,,,(blank); Taffy-Pina-8oz-1pk [so_bazic]
Taffy-RootBeerFloat,TwistedTreatz,Saltwater Taffy,Root Beer Float,,,(blank),(blank); Taffy-RootBeer-8oz-1pk [so_bazic]
Taffy-StarsAndStripes,TwistedTreatz,Saltwater Taffy,Stars & Stripes,,,,(blank); Taffy-StarStripes-8oz-1pk [so_bazic]
Taffy-StrawberryKiwi,TwistedTreatz,Saltwater Taffy,Strawberry Kiwi,,,(blank),(blank); Taffy-StrawKiwi-8oz-1pk [so_bazic]
Taffy-Vanilla-8oz-1pk,TwistedTreatz,Saltwater Taffy,Vanilla,Taffy-Vanilla-8oz-1pk,,,(blank); Taffy-Vanilla-8oz-1pk [so_bazic]
Taffy-Watermelon,TwistedTreatz,Saltwater Taffy,Watermelon,,,(blank),(blank); Taffy-Watermelon-8oz-1pk [candy_pantry]; Taffy-Watermelon-8oz-1pk [so_bazic]; Taffy-Watermelon-8oz-1pk [sweetshoppe]
Tafsir-Ibn-Kathir-10VOL.,Other (IP),Books,Tafsir Ibn Kathir,Tafsir-Ibn-Kathir-10VOL.,,,
TigerPops-Assorted,Other (IP),Tiger Pops,Assorted,,,,(blank)
TripleHeartGummy-Assorted,TwistedTreatz,Triple Heart Gummies,Assorted,,,(blank); Asstd-SugarGummy-Heart-8oz-1pk; Asstd-SugarGummy-Heart-8oz-2pk,
Val-Candy-1 Pk -Sanded Hearts -8oz.,TwistedTreatz,Valentine Gummies,Sanded Hearts,Val-Candy-1 Pk -Sanded Hearts -8oz.,,,
Val-Candy-1 Pk -Sour Hearts -8oz.,TwistedTreatz,Valentine Gummies,Sour Hearts,Val-Candy-1 Pk -Sour Hearts -8oz.,(blank),(blank); Val-Candy-1 Pk -Sour Hearts -8oz.,(blank); Sour-Gummi-Hearts-8oz-1pk; Sour-Gummi-Hearts-8oz-2PK; Val-Candy-HugsAndKisses-8oz-1pk; Val-Candy-SandedHearts-8oz-1pk; Val-Candy-SourHearts-8oz-1pk; Val-Candy-ValentineBears-8oz-1pk
Val-Candy-1Pk-Hugs and Kisses-8oz.,TwistedTreatz,Valentine Gummies,Hugs & Kisses,Val-Candy-1Pk-Hugs and Kisses-8oz.,,,(blank)
Val-Candy-1Pk-Lovestruck Bears-8oz,TwistedTreatz,Valentine Gummies,Lovestruck Bears,Val-Candy-1Pk-Lovestruck Bears-8oz,(blank),Valentine-Bears-8oz-1PK; Valentine-Bears-8oz-2PK,(blank); Val-Candy-ValentineBears-8oz-2pk-rev1
Val-Candy-1Pk-Lovestruck Bears-8oz.,TwistedTreatz,Valentine Gummies,Lovestruck Bears,Val-Candy-1Pk-Lovestruck Bears-8oz.,,,
Val-Candy-2-Pk -Sour Hearts -8oz,TwistedTreatz,Valentine Gummies,Sour Hearts,Val-Candy-2-Pk -Sour Hearts -8oz,,(blank); HugsKisses-8oz-2PK; SandedHearts-8oz-1PK; SandedHearts-8oz-2PK; SourHearts-8oz-1PK,(blank)
Val-Mellow-8oz-1PK,TwistedTreatz,Valentine Gummies,Mellow Creme,Val-Mellow-8oz-1PK,,(blank); Val-Mellow-8oz-1PK,
Val-Mellow-8oz-1PK-rev1,TwistedTreatz,Valentine Gummies,Mellow Creme,Val-Mellow-8oz-1PK-rev1,,,
Val-Mellow-8oz-1PK.,TwistedTreatz,Valentine Gummies,Mellow Creme,Val-Mellow-8oz-1PK.,,,
Val-Mellow-8oz-2PK,TwistedTreatz,Valentine Gummies,Mellow Creme,Val-Mellow-8oz-2PK,(blank),Val-Mellow-8oz-2PK,(blank); Val-Mellow-8oz-2PK; Val-Mellow-Creme-8oz-1-Pack
Val-Mellow-8oz-2PK.,TwistedTreatz,Valentine Gummies,Mellow Creme,Val-Mellow-8oz-2PK.,,,
Val-Mellow-8oz-4PK,TwistedTreatz,Valentine Gummies,Mellow Creme,Val-Mellow-8oz-4PK,,Val-Mellow-8oz-4PK,
Valen-Corn-8oz-1PK,TwistedTreatz,Candy Corn,Valentine,Valen-Corn-8oz-1PK,(blank),(blank); Valen-Corn-8oz-1PK; Valen-Corn-8oz-2PK; Valen-Corn-8oz-4PK,(blank); Valen-Corn-8oz-1PK
Valen-Corn-8oz-1PK.,TwistedTreatz,Candy Corn,Valentine,Valen-Corn-8oz-1PK.,,,
Vase-Stick-Rose-4pk,Other (IP),Personal Care,Vaseline Lip Therapy Rosy,Vase-Stick-Rose-4pk,,(blank); Vase-Stick-Rose-4pk,
Vaseline-LipTherapyRosy,Other (IP),Personal Care,Vaseline Lip Therapy Rosy,,(blank),,(blank)
Vaseline-VitaminE,Other (IP),Personal Care,Vaseline Petroleum Jelly,,,,(blank) [so_bazic]
VaselineLipTherapy-CocoaButter,Other (IP),Personal Care,Vaseline Lip Therapy Cocoa Butter,,,IP174-4ct-Cocoa Butter,
VaselineLipTherapy-CocoaButterRose,Other (IP),Personal Care,Vaseline Lip Therapy Cocoa Butter Rose,,,(blank),
VaselineLipTherapy-Original,Other (IP),Personal Care,Vaseline Lip Therapy Original,,,IP174-4ct-Original,
VaselineLipTherapy-RosyLips,Other (IP),Personal Care,Vaseline Lip Therapy Rosy,,,IP174-4ct-Rose,
VeganSourChews-Cherry,TwistedTreatz,Vegan Sour Chews,Cherry,,(blank),,
VidalGummiDrops-BlueRaspberry,Other (IP),Vidal Gummi Drops,Blue Raspberry,,,(blank); Vidal-Drops-Blue-8oz-1Pk,(blank); Vidal-Drops-Blue-8oz-1Pk
VidalGummiDrops-Strawberry,Other (IP),Vidal Gummi Drops,Strawberry,,,(blank),(blank); Vidal-Drops-Straw-8oz-1Pk
VidalGummiDrops-Tropical,Other (IP),Vidal Gummi Drops,Tropical,,,Vidal-Drops-Tropical-8oz-1Pk,(blank); Vidal-Drops-Tropical-8oz-1Pk
WatermelonAliens-8oz-1PK,Other (IP),Swedish Candy,Watermelon Aliens,WatermelonAliens-8oz-1PK,,WatermelonAliens-8oz-1PK,WatermelonAliens-8oz-1PK
WatermelonAliens-8oz-1PK-rev1,Other (IP),Swedish Candy,Watermelon Aliens,WatermelonAliens-8oz-1PK-rev1,,,
WatermelonAliens-8oz-2PK,Other (IP),Swedish Candy,Watermelon Aliens,WatermelonAliens-8oz-2PK,,WatermelonAliens-8oz-2PK,
Watermln-Gusher-8oz-EXTRA-1pk,Other (IP),Gushers,Sour Watermelon,Watermln-Gusher-8oz-EXTRA-1pk,,(blank); Blue-Gusher-4oz; Chamoy-Gusher-4oz; Chamoy-Gusher-8oz-1pk; Chamoy-Gusher-8oz-2pk; Cherry-Gushers-4oz; Cherry-Gushers-8oz-1pk; Cherry-Gushers-8oz-2pk; CottonCand-Gushers-4oz; CottonCand-Gushers-8oz-2pk; Watermln-Gusher-4oz; Watermln-Gusher-8oz-1pk; Watermln-Gusher-8oz-2pk,(blank); Chamoy-Gusher-8oz-1pk; Cherry-Gushers-8oz-1pk; Watermln-Gusher-8oz-1pk
WaxBottleCandy-Assorted,TwistedTreatz,Wax Bottles,Assorted,,,,CandyWax-Bottles-8oz-1PK [so_bazic]; CandyWax-Bottles-8oz-2PK [so_bazic]
WaxBottles-1lb,,Wax Bottles,Assorted,WaxBottles-1lb,,,
WaxBottles-8oz-1PK,,Wax Bottles,Assorted,WaxBottles-8oz-1PK,,,
WaxBottles-8oz-2PK,,Wax Bottles,Assorted,WaxBottles-8oz-2PK,,,
WelchsFruitYogurt-BlueberryAcai,Other (IP),Welch's,Blueberry Acai,,(blank),,(blank)
Werthers-CaramelAppleFilled,Other (IP),Werther's,Caramel Apple,,,(blank); Werthers-Apple-1pk; Werthers-Apple-2.65oz-1PK,(blank); Werthers-Apple-2pk; Werthers-Apple-3pk
Werthers-CaramelCoffee,Other (IP),Werther's,Caramel Coffee,,,(blank); Werther-Coffee-1pk,(blank); Werther-Coffee-1pk; Werther-Coffee-2pk
Werthers-ChewyCaramel,Other (IP),Werther's,Chewy Caramel,,,(blank); Werthers-Caramels-1PK,(blank); Werthers-Chewy-1pk; Werthers-Chewy-2pk
Werthers-ChocolateCovered,Other (IP),Werther's,Chocolate Covered,,,(blank); Werthers-Choc-1pk,(blank); Werthers-Choc-1pk; Werthers-Choc-2pk; Werthers-Choc-3pk
Werthers-Gingerbread,Other (IP),Werther's,Gingerbread,,,,(blank)
Werthers-HardCandies,Other (IP),Werther's,Hard Candies,,,(blank); Werthers-Hard-1pk; Werthers-Hard-2.65oz-1PK,(blank); Werthers-Hard-1pk
Werthers-HardCandy,Other (IP),Werther's,Hard Candies,,,,(blank); Werthers-Hard-2pk
Werthers-SaltedCaramel,Other (IP),Werther's,Salted Caramel,,,(blank); Werthers-Salted-1pk,(blank); Werthers-Salted-1pk; Werthers-Salted-2pk
Werthers-SoftCaramel,Other (IP),Werther's,Soft Caramel,,,(blank),(blank); Werthers-Soft-1pk; Werthers-Soft-2pk; Werthers-Softcaram-3pk
Werthers-VanillaCreme,Other (IP),Werther's,Vanilla Creme,,,Werthers-Vanilla-2.22oz-1PK,(blank); Werthers-Vanilla-3pk
WhenTheMoonSplit,TwistedTreatz,Books,When the Moon Split,WhenTheMoonSplit,,,
WhiteBark-ChocolatePebbles,TwistedTreatz,Chocolate Bark,White Chocolate Pebbles,,,(blank),
Whoppers-MaltedMilkBalls,Other (IP),Whoppers,Original,,,,(blank)
Wish-CoolingChestBalm,Other (IP),Personal Care,Wish Cooling Chest Balm,,,,(blank) [so_bazic]; WishVapor-1pk [so_bazic]; WishVapor-2pk [so_bazic]
ZT-93XV-91ZK,,Household,EcoFlare Glass Ashtray,ZT-93XV-91ZK,,,
jelly-beans-8oz-BerryBlue-1pk-rev1,TwistedTreatz,Jelly Belly,Berry Blue,jelly-beans-8oz-BerryBlue-1pk-rev1,,,
jelly-beans-8oz-BubbleGum-1pk,Other (IP),Jelly Belly,Bubble Gum,jelly-beans-8oz-BubbleGum-1pk,,,(blank); jelly-beans-8oz-BubbleGum-1pk; jelly-beans-8oz-BubbleGum-1pk [so_bazic]
jelly-beans-8oz-Caramel Corn-1pk,Other (IP),Jelly Belly,Caramel Corn,jelly-beans-8oz-Caramel Corn-1pk,,,(blank); jelly-beans-8oz-CaramelCorn-1pk
jelly-beans-8oz-CaramelCorn-1pk-rev1,TwistedTreatz,Jelly Belly,Caramel Corn,jelly-beans-8oz-CaramelCorn-1pk-rev1,,,
jelly-beans-8oz-ChrisrmasMix-1pk-rev1,TwistedTreatz,Jelly Belly,Christmas Mix,jelly-beans-8oz-ChrisrmasMix-1pk-rev1,,,
jelly-beans-8oz-Coconut-1pk,Other (IP),Jelly Belly,Coconut,jelly-beans-8oz-Coconut-1pk,,,(blank); jelly-beans-8oz-Coconut-1pk
jelly-beans-8oz-Crushed Pineapple,,Jelly Belly,Crushed Pineapple,jelly-beans-8oz-Crushed Pineapple,,,
jelly-beans-8oz-GreenApple-1pk-rev1,TwistedTreatz,Jelly Belly,Green Apple,jelly-beans-8oz-GreenApple-1pk-rev1,,,
jelly-beans-8oz-Juicypear-1pk-rev1,TwistedTreatz,Jelly Belly,Juicy Pear,jelly-beans-8oz-Juicypear-1pk-rev1,,,
jelly-beans-8oz-Mango-1pk-rev3,TwistedTreatz,Jelly Belly,Mango,jelly-beans-8oz-Mango-1pk-rev3,,,
jelly-beans-8oz-Peach-1pk-rev3,TwistedTreatz,Jelly Belly,Peach,jelly-beans-8oz-Peach-1pk-rev3,,,
jelly-beans-8oz-Pina Colada,Other (IP),Jelly Belly,Pina Colada,jelly-beans-8oz-Pina Colada,,,(blank); jelly-beans-8oz-PinaColada-1pk
jelly-beans-8oz-Raspberry-1pk,Other (IP),Jelly Belly,Raspberry,jelly-beans-8oz-Raspberry-1pk,,,(blank); jelly-beans-8oz-Raspberry-1pk
jelly-beans-8oz-Root Beer,Other (IP),Jelly Belly,Root Beer,jelly-beans-8oz-Root Beer,,(blank); jelly-beans-8oz-Cherry jelly; jelly-beans-8oz-Chrisrmas Mix; jelly-beans-8oz-Cinnamon; jelly-beans-8oz-Coconut; jelly-beans-8oz-Dr Pepper; jelly-beans-8oz-Green Apple; jelly-beans-8oz-Juicy pear; jelly-beans-8oz-Lemon; jelly-beans-8oz-Orange jelly; jelly-beans-8oz-Peach; jelly-beans-8oz-Root Beer; jelly-beans-8oz-Tangerine; jelly-beans-8oz-Watermelon,
jelly-beans-8oz-SizzlingCinnamon-1pk,TwistedTreatz,Jelly Belly,Sizzling Cinnamon,jelly-beans-8oz-SizzlingCinnamon-1pk,,,jelly-beans-8oz-SizzlingCinnamon-1pk
jelly-beans-8oz-StrawCheese-1pk-rev1,TwistedTreatz,Jelly Belly,Strawberry Cheesecake,jelly-beans-8oz-StrawCheese-1pk-rev1,,,
jelly-beans-8oz-StrawDaiq-1pk-rev1,TwistedTreatz,Jelly Belly,Strawberry Daiquiri,jelly-beans-8oz-StrawDaiq-1pk-rev1,,,
jelly-beans-8oz-Strawberry Daiquiri-1pk,Other (IP),Jelly Belly,Strawberry Daiquiri,jelly-beans-8oz-Strawberry Daiquiri-1pk,,,(blank); jelly-beans-8oz-StrawberryDaiquiri-1pk; jelly-beans-8oz-StrawberryDaiquiri-1pk [so_bazic]
jelly-beans-8oz-Toasted Marshmallow,,Jelly Belly,Toasted Marshmallow,jelly-beans-8oz-Toasted Marshmallow,,,
jelly-beans-8oz-ToastedMarshmal-1pk-rev2,TwistedTreatz,Jelly Belly,Toasted Marshmallow,jelly-beans-8oz-ToastedMarshmal-1pk-rev2,,,
jelly-beans-8oz-TopBananna-1pk-rev1,TwistedTreatz,Jelly Belly,Top Banana,jelly-beans-8oz-TopBananna-1pk-rev1,,,
sahihBukhariEnglish,,Books,Summarized Sahih Al-Bukhari,sahihBukhariEnglish,,,
